Timing Analyzer report for DOAN_SOC
Thu Dec 18 14:20:17 2025
Quartus Prime Version 18.1.0 Build 625 09/12/2018 SJ Lite Edition


---------------------
; Table of Contents ;
---------------------
  1. Legal Notice
  2. Timing Analyzer Summary
  3. Parallel Compilation
  4. SDC File List
  5. Clocks
  6. Slow 1100mV 85C Model Fmax Summary
  7. Timing Closure Recommendations
  8. Slow 1100mV 85C Model Setup Summary
  9. Slow 1100mV 85C Model Hold Summary
 10. Slow 1100mV 85C Model Recovery Summary
 11. Slow 1100mV 85C Model Removal Summary
 12. Slow 1100mV 85C Model Minimum Pulse Width Summary
 13. Slow 1100mV 85C Model Metastability Summary
 14. Slow 1100mV 0C Model Fmax Summary
 15. Slow 1100mV 0C Model Setup Summary
 16. Slow 1100mV 0C Model Hold Summary
 17. Slow 1100mV 0C Model Recovery Summary
 18. Slow 1100mV 0C Model Removal Summary
 19. Slow 1100mV 0C Model Minimum Pulse Width Summary
 20. Slow 1100mV 0C Model Metastability Summary
 21. Fast 1100mV 85C Model Setup Summary
 22. Fast 1100mV 85C Model Hold Summary
 23. Fast 1100mV 85C Model Recovery Summary
 24. Fast 1100mV 85C Model Removal Summary
 25. Fast 1100mV 85C Model Minimum Pulse Width Summary
 26. Fast 1100mV 85C Model Metastability Summary
 27. Fast 1100mV 0C Model Setup Summary
 28. Fast 1100mV 0C Model Hold Summary
 29. Fast 1100mV 0C Model Recovery Summary
 30. Fast 1100mV 0C Model Removal Summary
 31. Fast 1100mV 0C Model Minimum Pulse Width Summary
 32. Fast 1100mV 0C Model Metastability Summary
 33. Multicorner Timing Analysis Summary
 34. Board Trace Model Assignments
 35. Input Transition Times
 36. Signal Integrity Metrics (Slow 1100mv 0c Model)
 37. Signal Integrity Metrics (Slow 1100mv 85c Model)
 38. Signal Integrity Metrics (Fast 1100mv 0c Model)
 39. Signal Integrity Metrics (Fast 1100mv 85c Model)
 40. Setup Transfers
 41. Hold Transfers
 42. Recovery Transfers
 43. Removal Transfers
 44. Report TCCS
 45. Report RSKM
 46. Unconstrained Paths Summary
 47. Clock Status Summary
 48. Unconstrained Input Ports
 49. Unconstrained Output Ports
 50. Unconstrained Input Ports
 51. Unconstrained Output Ports
 52. Timing Analyzer Messages



----------------
; Legal Notice ;
----------------
Copyright (C) 2018  Intel Corporation. All rights reserved.
Your use of Intel Corporation's design tools, logic functions 
and other software and tools, and its AMPP partner logic 
functions, and any output files from any of the foregoing 
(including device programming or simulation files), and any 
associated documentation or information are expressly subject 
to the terms and conditions of the Intel Program License 
Subscription Agreement, the Intel Quartus Prime License Agreement,
the Intel FPGA IP License Agreement, or other applicable license
agreement, including, without limitation, that your use is for
the sole purpose of programming logic devices manufactured by
Intel and sold by Intel or its authorized distributors.  Please
refer to the applicable agreement for further details.



+-----------------------------------------------------------------------------+
; Timing Analyzer Summary                                                     ;
+-----------------------+-----------------------------------------------------+
; Quartus Prime Version ; Version 18.1.0 Build 625 09/12/2018 SJ Lite Edition ;
; Timing Analyzer       ; Legacy Timing Analyzer                              ;
; Revision Name         ; DOAN_SOC                                            ;
; Device Family         ; Cyclone V                                           ;
; Device Name           ; 5CSXFC6D6F31C6                                      ;
; Timing Models         ; Final                                               ;
; Delay Model           ; Combined                                            ;
; Rise/Fall Delays      ; Enabled                                             ;
+-----------------------+-----------------------------------------------------+


+------------------------------------------+
; Parallel Compilation                     ;
+----------------------------+-------------+
; Processors                 ; Number      ;
+----------------------------+-------------+
; Number detected on machine ; 20          ;
; Maximum allowed            ; 16          ;
;                            ;             ;
; Average used               ; 2.51        ;
; Maximum used               ; 16          ;
;                            ;             ;
; Usage by Processor         ; % Time Used ;
;     Processor 1            ; 100.0%      ;
;     Processor 2            ;  10.4%      ;
;     Processor 3            ;  10.3%      ;
;     Processor 4            ;  10.1%      ;
;     Processor 5            ;  10.1%      ;
;     Processor 6            ;  10.1%      ;
;     Processor 7            ;  10.0%      ;
;     Processor 8            ;  10.0%      ;
;     Processor 9            ;  10.0%      ;
;     Processor 10           ;  10.0%      ;
;     Processor 11           ;  10.0%      ;
;     Processor 12           ;  10.0%      ;
;     Processor 13           ;  10.0%      ;
;     Processor 14           ;   9.9%      ;
;     Processor 15           ;   9.9%      ;
;     Processor 16           ;   9.9%      ;
+----------------------------+-------------+


+---------------------------------------------------------------------------------------------+
; SDC File List                                                                               ;
+---------------------------------------------------------+--------+--------------------------+
; SDC File Path                                           ; Status ; Read at                  ;
+---------------------------------------------------------+--------+--------------------------+
; system/synthesis/submodules/altera_reset_controller.sdc ; OK     ; Thu Dec 18 14:20:08 2025 ;
; system/synthesis/submodules/system_nios2_gen2_0_cpu.sdc ; OK     ; Thu Dec 18 14:20:08 2025 ;
+---------------------------------------------------------+--------+--------------------------+


+----------------------------------------------------------------------------------------------------------------------------------------------------------------------------------------------------------+
; Clocks                                                                                                                                                                                                   ;
+---------------------+------+--------+-----------+-------+--------+------------+-----------+-------------+-------+--------+-----------+------------+----------+--------+--------+-------------------------+
; Clock Name          ; Type ; Period ; Frequency ; Rise  ; Fall   ; Duty Cycle ; Divide by ; Multiply by ; Phase ; Offset ; Edge List ; Edge Shift ; Inverted ; Master ; Source ; Targets                 ;
+---------------------+------+--------+-----------+-------+--------+------------+-----------+-------------+-------+--------+-----------+------------+----------+--------+--------+-------------------------+
; altera_reserved_tck ; Base ; 33.333 ; 30.0 MHz  ; 0.000 ; 16.666 ;            ;           ;             ;       ;        ;           ;            ;          ;        ;        ; { altera_reserved_tck } ;
+---------------------+------+--------+-----------+-------+--------+------------+-----------+-------------+-------+--------+-----------+------------+----------+--------+--------+-------------------------+


+-----------------------------------------------------------+
; Slow 1100mV 85C Model Fmax Summary                        ;
+------------+-----------------+---------------------+------+
; Fmax       ; Restricted Fmax ; Clock Name          ; Note ;
+------------+-----------------+---------------------+------+
; 112.91 MHz ; 112.91 MHz      ; altera_reserved_tck ;      ;
+------------+-----------------+---------------------+------+
This panel reports FMAX for every clock in the design, regardless of the user-specified clock periods.  FMAX is only computed for paths where the source and destination registers or ports are driven by the same clock.  Paths of different clocks, including generated clocks, are ignored.  For paths between a clock and its inversion, FMAX is computed as if the rising and falling edges are scaled along with FMAX, such that the duty cycle (in terms of a percentage) is maintained. Altera recommends that you always use clock constraints and other slack reports for sign-off analysis.


----------------------------------
; Timing Closure Recommendations ;
----------------------------------
HTML report is unavailable in plain text report export.


+----------------------------------------------+
; Slow 1100mV 85C Model Setup Summary          ;
+---------------------+--------+---------------+
; Clock               ; Slack  ; End Point TNS ;
+---------------------+--------+---------------+
; altera_reserved_tck ; 12.238 ; 0.000         ;
+---------------------+--------+---------------+


+---------------------------------------------+
; Slow 1100mV 85C Model Hold Summary          ;
+---------------------+-------+---------------+
; Clock               ; Slack ; End Point TNS ;
+---------------------+-------+---------------+
; altera_reserved_tck ; 0.128 ; 0.000         ;
+---------------------+-------+---------------+


+----------------------------------------------+
; Slow 1100mV 85C Model Recovery Summary       ;
+---------------------+--------+---------------+
; Clock               ; Slack  ; End Point TNS ;
+---------------------+--------+---------------+
; altera_reserved_tck ; 14.293 ; 0.000         ;
+---------------------+--------+---------------+


+---------------------------------------------+
; Slow 1100mV 85C Model Removal Summary       ;
+---------------------+-------+---------------+
; Clock               ; Slack ; End Point TNS ;
+---------------------+-------+---------------+
; altera_reserved_tck ; 0.949 ; 0.000         ;
+---------------------+-------+---------------+


+---------------------------------------------------+
; Slow 1100mV 85C Model Minimum Pulse Width Summary ;
+---------------------+--------+--------------------+
; Clock               ; Slack  ; End Point TNS      ;
+---------------------+--------+--------------------+
; altera_reserved_tck ; 15.745 ; 0.000              ;
+---------------------+--------+--------------------+


-----------------------------------------------
; Slow 1100mV 85C Model Metastability Summary ;
-----------------------------------------------
Worst-Case MTBF of Design is 1e+09 years or 3.15e+16 seconds.
Typical MTBF of Design is 1e+09 years or 3.15e+16 seconds.

Number of Synchronizer Chains Found: 2
Shortest Synchronizer Chain: 2 Registers
Fraction of Chains for which MTBFs Could Not be Calculated: 0.000
Worst Case Available Settling Time: 62.041 ns

Worst-Case MTBF values are calculated based on the worst-case silicon characteristics, with worst-case operating conditions.
  - Under worst-case conditions, an increase of 100ps in available settling time will increase MTBF values by a factor of 79.4
Typical MTBF values are calculated based on the nominal silicon characteristics, at nominal operating conditions.
  - Under typical conditions, an increase of 100ps in available settling time will increase MTBF values by a factor of 17.8



+-----------------------------------------------------------+
; Slow 1100mV 0C Model Fmax Summary                         ;
+------------+-----------------+---------------------+------+
; Fmax       ; Restricted Fmax ; Clock Name          ; Note ;
+------------+-----------------+---------------------+------+
; 114.77 MHz ; 114.77 MHz      ; altera_reserved_tck ;      ;
+------------+-----------------+---------------------+------+
This panel reports FMAX for every clock in the design, regardless of the user-specified clock periods.  FMAX is only computed for paths where the source and destination registers or ports are driven by the same clock.  Paths of different clocks, including generated clocks, are ignored.  For paths between a clock and its inversion, FMAX is computed as if the rising and falling edges are scaled along with FMAX, such that the duty cycle (in terms of a percentage) is maintained. Altera recommends that you always use clock constraints and other slack reports for sign-off analysis.


+----------------------------------------------+
; Slow 1100mV 0C Model Setup Summary           ;
+---------------------+--------+---------------+
; Clock               ; Slack  ; End Point TNS ;
+---------------------+--------+---------------+
; altera_reserved_tck ; 12.310 ; 0.000         ;
+---------------------+--------+---------------+


+---------------------------------------------+
; Slow 1100mV 0C Model Hold Summary           ;
+---------------------+-------+---------------+
; Clock               ; Slack ; End Point TNS ;
+---------------------+-------+---------------+
; altera_reserved_tck ; 0.109 ; 0.000         ;
+---------------------+-------+---------------+


+----------------------------------------------+
; Slow 1100mV 0C Model Recovery Summary        ;
+---------------------+--------+---------------+
; Clock               ; Slack  ; End Point TNS ;
+---------------------+--------+---------------+
; altera_reserved_tck ; 14.389 ; 0.000         ;
+---------------------+--------+---------------+


+---------------------------------------------+
; Slow 1100mV 0C Model Removal Summary        ;
+---------------------+-------+---------------+
; Clock               ; Slack ; End Point TNS ;
+---------------------+-------+---------------+
; altera_reserved_tck ; 0.885 ; 0.000         ;
+---------------------+-------+---------------+


+--------------------------------------------------+
; Slow 1100mV 0C Model Minimum Pulse Width Summary ;
+---------------------+--------+-------------------+
; Clock               ; Slack  ; End Point TNS     ;
+---------------------+--------+-------------------+
; altera_reserved_tck ; 15.738 ; 0.000             ;
+---------------------+--------+-------------------+


----------------------------------------------
; Slow 1100mV 0C Model Metastability Summary ;
----------------------------------------------
Worst-Case MTBF of Design is 1e+09 years or 3.15e+16 seconds.
Typical MTBF of Design is 1e+09 years or 3.15e+16 seconds.

Number of Synchronizer Chains Found: 2
Shortest Synchronizer Chain: 2 Registers
Fraction of Chains for which MTBFs Could Not be Calculated: 0.000
Worst Case Available Settling Time: 62.170 ns

Worst-Case MTBF values are calculated based on the worst-case silicon characteristics, with worst-case operating conditions.
  - Under worst-case conditions, an increase of 100ps in available settling time will increase MTBF values by a factor of 5.2
Typical MTBF values are calculated based on the nominal silicon characteristics, at nominal operating conditions.
  - Under typical conditions, an increase of 100ps in available settling time will increase MTBF values by a factor of 17.8



+----------------------------------------------+
; Fast 1100mV 85C Model Setup Summary          ;
+---------------------+--------+---------------+
; Clock               ; Slack  ; End Point TNS ;
+---------------------+--------+---------------+
; altera_reserved_tck ; 14.199 ; 0.000         ;
+---------------------+--------+---------------+


+---------------------------------------------+
; Fast 1100mV 85C Model Hold Summary          ;
+---------------------+-------+---------------+
; Clock               ; Slack ; End Point TNS ;
+---------------------+-------+---------------+
; altera_reserved_tck ; 0.033 ; 0.000         ;
+---------------------+-------+---------------+


+----------------------------------------------+
; Fast 1100mV 85C Model Recovery Summary       ;
+---------------------+--------+---------------+
; Clock               ; Slack  ; End Point TNS ;
+---------------------+--------+---------------+
; altera_reserved_tck ; 15.353 ; 0.000         ;
+---------------------+--------+---------------+


+---------------------------------------------+
; Fast 1100mV 85C Model Removal Summary       ;
+---------------------+-------+---------------+
; Clock               ; Slack ; End Point TNS ;
+---------------------+-------+---------------+
; altera_reserved_tck ; 0.456 ; 0.000         ;
+---------------------+-------+---------------+


+---------------------------------------------------+
; Fast 1100mV 85C Model Minimum Pulse Width Summary ;
+---------------------+--------+--------------------+
; Clock               ; Slack  ; End Point TNS      ;
+---------------------+--------+--------------------+
; altera_reserved_tck ; 15.734 ; 0.000              ;
+---------------------+--------+--------------------+


-----------------------------------------------
; Fast 1100mV 85C Model Metastability Summary ;
-----------------------------------------------
Worst-Case MTBF of Design is 1e+09 years or 3.15e+16 seconds.
Typical MTBF of Design is 1e+09 years or 3.15e+16 seconds.

Number of Synchronizer Chains Found: 2
Shortest Synchronizer Chain: 2 Registers
Fraction of Chains for which MTBFs Could Not be Calculated: 0.000
Worst Case Available Settling Time: 63.498 ns

Worst-Case MTBF values are calculated based on the worst-case silicon characteristics, with worst-case operating conditions.
  - Under worst-case conditions, an increase of 100ps in available settling time will increase MTBF values by a factor of 79.4
Typical MTBF values are calculated based on the nominal silicon characteristics, at nominal operating conditions.
  - Under typical conditions, an increase of 100ps in available settling time will increase MTBF values by a factor of 17.8



+----------------------------------------------+
; Fast 1100mV 0C Model Setup Summary           ;
+---------------------+--------+---------------+
; Clock               ; Slack  ; End Point TNS ;
+---------------------+--------+---------------+
; altera_reserved_tck ; 14.466 ; 0.000         ;
+---------------------+--------+---------------+


+---------------------------------------------+
; Fast 1100mV 0C Model Hold Summary           ;
+---------------------+-------+---------------+
; Clock               ; Slack ; End Point TNS ;
+---------------------+-------+---------------+
; altera_reserved_tck ; 0.018 ; 0.000         ;
+---------------------+-------+---------------+


+----------------------------------------------+
; Fast 1100mV 0C Model Recovery Summary        ;
+---------------------+--------+---------------+
; Clock               ; Slack  ; End Point TNS ;
+---------------------+--------+---------------+
; altera_reserved_tck ; 15.531 ; 0.000         ;
+---------------------+--------+---------------+


+---------------------------------------------+
; Fast 1100mV 0C Model Removal Summary        ;
+---------------------+-------+---------------+
; Clock               ; Slack ; End Point TNS ;
+---------------------+-------+---------------+
; altera_reserved_tck ; 0.402 ; 0.000         ;
+---------------------+-------+---------------+


+--------------------------------------------------+
; Fast 1100mV 0C Model Minimum Pulse Width Summary ;
+---------------------+--------+-------------------+
; Clock               ; Slack  ; End Point TNS     ;
+---------------------+--------+-------------------+
; altera_reserved_tck ; 15.752 ; 0.000             ;
+---------------------+--------+-------------------+


----------------------------------------------
; Fast 1100mV 0C Model Metastability Summary ;
----------------------------------------------
Worst-Case MTBF of Design is 1e+09 years or 3.15e+16 seconds.
Typical MTBF of Design is 1e+09 years or 3.15e+16 seconds.

Number of Synchronizer Chains Found: 2
Shortest Synchronizer Chain: 2 Registers
Fraction of Chains for which MTBFs Could Not be Calculated: 0.000
Worst Case Available Settling Time: 63.725 ns

Worst-Case MTBF values are calculated based on the worst-case silicon characteristics, with worst-case operating conditions.
  - Under worst-case conditions, an increase of 100ps in available settling time will increase MTBF values by a factor of 5.2
Typical MTBF values are calculated based on the nominal silicon characteristics, at nominal operating conditions.
  - Under typical conditions, an increase of 100ps in available settling time will increase MTBF values by a factor of 17.8



+----------------------------------------------------------------------------------+
; Multicorner Timing Analysis Summary                                              ;
+----------------------+--------+-------+----------+---------+---------------------+
; Clock                ; Setup  ; Hold  ; Recovery ; Removal ; Minimum Pulse Width ;
+----------------------+--------+-------+----------+---------+---------------------+
; Worst-case Slack     ; 12.238 ; 0.018 ; 14.293   ; 0.402   ; 15.734              ;
;  altera_reserved_tck ; 12.238 ; 0.018 ; 14.293   ; 0.402   ; 15.734              ;
; Design-wide TNS      ; 0.0    ; 0.0   ; 0.0      ; 0.0     ; 0.0                 ;
;  altera_reserved_tck ; 0.000  ; 0.000 ; 0.000    ; 0.000   ; 0.000               ;
+----------------------+--------+-------+----------+---------+---------------------+


+------------------------------------------------------------------------------------------------------------------------------------------------------------------------------------------------------------------------------------------------------------------------------------------------------------------------------------------------------------------------------------------------------------------------+
; Board Trace Model Assignments                                                                                                                                                                                                                                                                                                                                                                                          ;
+---------------------+--------------+-------------------+-------------------------+-------------------------+---------------+---------------------+----------------+------------------+--------+------------------+------------------------+------------------------+--------------+---------------+-----------------+-------+---------------------+--------------------+---------------+-----------------+-------------+
; Pin                 ; I/O Standard ; Near Tline Length ; Near Tline L per Length ; Near Tline C per Length ; Near Series R ; Near Differential R ; Near Pull-up R ; Near Pull-down R ; Near C ; Far Tline Length ; Far Tline L per Length ; Far Tline C per Length ; Far Series R ; Far Pull-up R ; Far Pull-down R ; Far C ; Termination Voltage ; Far Differential R ; EBD File Name ; EBD Signal Name ; EBD Far-end ;
+---------------------+--------------+-------------------+-------------------------+-------------------------+---------------+---------------------+----------------+------------------+--------+------------------+------------------------+------------------------+--------------+---------------+-----------------+-------+---------------------+--------------------+---------------+-----------------+-------------+
; HEX0[0]             ; 2.5 V        ; 0 in              ; 0 H/in                  ; 0 F/in                  ; short         ; -                   ; open           ; open             ; open   ; 0 in             ; 0 H/in                 ; 0 F/in                 ; short        ; open          ; open            ; open  ; 0 V                 ; -                  ; n/a           ; n/a             ; n/a         ;
; HEX0[1]             ; 2.5 V        ; 0 in              ; 0 H/in                  ; 0 F/in                  ; short         ; -                   ; open           ; open             ; open   ; 0 in             ; 0 H/in                 ; 0 F/in                 ; short        ; open          ; open            ; open  ; 0 V                 ; -                  ; n/a           ; n/a             ; n/a         ;
; HEX0[2]             ; 2.5 V        ; 0 in              ; 0 H/in                  ; 0 F/in                  ; short         ; -                   ; open           ; open             ; open   ; 0 in             ; 0 H/in                 ; 0 F/in                 ; short        ; open          ; open            ; open  ; 0 V                 ; -                  ; n/a           ; n/a             ; n/a         ;
; HEX0[3]             ; 2.5 V        ; 0 in              ; 0 H/in                  ; 0 F/in                  ; short         ; -                   ; open           ; open             ; open   ; 0 in             ; 0 H/in                 ; 0 F/in                 ; short        ; open          ; open            ; open  ; 0 V                 ; -                  ; n/a           ; n/a             ; n/a         ;
; HEX0[4]             ; 2.5 V        ; 0 in              ; 0 H/in                  ; 0 F/in                  ; short         ; -                   ; open           ; open             ; open   ; 0 in             ; 0 H/in                 ; 0 F/in                 ; short        ; open          ; open            ; open  ; 0 V                 ; -                  ; n/a           ; n/a             ; n/a         ;
; HEX0[5]             ; 2.5 V        ; 0 in              ; 0 H/in                  ; 0 F/in                  ; short         ; -                   ; open           ; open             ; open   ; 0 in             ; 0 H/in                 ; 0 F/in                 ; short        ; open          ; open            ; open  ; 0 V                 ; -                  ; n/a           ; n/a             ; n/a         ;
; HEX0[6]             ; 2.5 V        ; 0 in              ; 0 H/in                  ; 0 F/in                  ; short         ; -                   ; open           ; open             ; open   ; 0 in             ; 0 H/in                 ; 0 F/in                 ; short        ; open          ; open            ; open  ; 0 V                 ; -                  ; n/a           ; n/a             ; n/a         ;
; HEX1[0]             ; 2.5 V        ; 0 in              ; 0 H/in                  ; 0 F/in                  ; short         ; -                   ; open           ; open             ; open   ; 0 in             ; 0 H/in                 ; 0 F/in                 ; short        ; open          ; open            ; open  ; 0 V                 ; -                  ; n/a           ; n/a             ; n/a         ;
; HEX1[1]             ; 2.5 V        ; 0 in              ; 0 H/in                  ; 0 F/in                  ; short         ; -                   ; open           ; open             ; open   ; 0 in             ; 0 H/in                 ; 0 F/in                 ; short        ; open          ; open            ; open  ; 0 V                 ; -                  ; n/a           ; n/a             ; n/a         ;
; HEX1[2]             ; 2.5 V        ; 0 in              ; 0 H/in                  ; 0 F/in                  ; short         ; -                   ; open           ; open             ; open   ; 0 in             ; 0 H/in                 ; 0 F/in                 ; short        ; open          ; open            ; open  ; 0 V                 ; -                  ; n/a           ; n/a             ; n/a         ;
; HEX1[3]             ; 2.5 V        ; 0 in              ; 0 H/in                  ; 0 F/in                  ; short         ; -                   ; open           ; open             ; open   ; 0 in             ; 0 H/in                 ; 0 F/in                 ; short        ; open          ; open            ; open  ; 0 V                 ; -                  ; n/a           ; n/a             ; n/a         ;
; HEX1[4]             ; 2.5 V        ; 0 in              ; 0 H/in                  ; 0 F/in                  ; short         ; -                   ; open           ; open             ; open   ; 0 in             ; 0 H/in                 ; 0 F/in                 ; short        ; open          ; open            ; open  ; 0 V                 ; -                  ; n/a           ; n/a             ; n/a         ;
; HEX1[5]             ; 2.5 V        ; 0 in              ; 0 H/in                  ; 0 F/in                  ; short         ; -                   ; open           ; open             ; open   ; 0 in             ; 0 H/in                 ; 0 F/in                 ; short        ; open          ; open            ; open  ; 0 V                 ; -                  ; n/a           ; n/a             ; n/a         ;
; HEX1[6]             ; 2.5 V        ; 0 in              ; 0 H/in                  ; 0 F/in                  ; short         ; -                   ; open           ; open             ; open   ; 0 in             ; 0 H/in                 ; 0 F/in                 ; short        ; open          ; open            ; open  ; 0 V                 ; -                  ; n/a           ; n/a             ; n/a         ;
; HEX2[0]             ; 2.5 V        ; 0 in              ; 0 H/in                  ; 0 F/in                  ; short         ; -                   ; open           ; open             ; open   ; 0 in             ; 0 H/in                 ; 0 F/in                 ; short        ; open          ; open            ; open  ; 0 V                 ; -                  ; n/a           ; n/a             ; n/a         ;
; HEX2[1]             ; 2.5 V        ; 0 in              ; 0 H/in                  ; 0 F/in                  ; short         ; -                   ; open           ; open             ; open   ; 0 in             ; 0 H/in                 ; 0 F/in                 ; short        ; open          ; open            ; open  ; 0 V                 ; -                  ; n/a           ; n/a             ; n/a         ;
; HEX2[2]             ; 2.5 V        ; 0 in              ; 0 H/in                  ; 0 F/in                  ; short         ; -                   ; open           ; open             ; open   ; 0 in             ; 0 H/in                 ; 0 F/in                 ; short        ; open          ; open            ; open  ; 0 V                 ; -                  ; n/a           ; n/a             ; n/a         ;
; HEX2[3]             ; 2.5 V        ; 0 in              ; 0 H/in                  ; 0 F/in                  ; short         ; -                   ; open           ; open             ; open   ; 0 in             ; 0 H/in                 ; 0 F/in                 ; short        ; open          ; open            ; open  ; 0 V                 ; -                  ; n/a           ; n/a             ; n/a         ;
; HEX2[4]             ; 2.5 V        ; 0 in              ; 0 H/in                  ; 0 F/in                  ; short         ; -                   ; open           ; open             ; open   ; 0 in             ; 0 H/in                 ; 0 F/in                 ; short        ; open          ; open            ; open  ; 0 V                 ; -                  ; n/a           ; n/a             ; n/a         ;
; HEX2[5]             ; 2.5 V        ; 0 in              ; 0 H/in                  ; 0 F/in                  ; short         ; -                   ; open           ; open             ; open   ; 0 in             ; 0 H/in                 ; 0 F/in                 ; short        ; open          ; open            ; open  ; 0 V                 ; -                  ; n/a           ; n/a             ; n/a         ;
; HEX2[6]             ; 2.5 V        ; 0 in              ; 0 H/in                  ; 0 F/in                  ; short         ; -                   ; open           ; open             ; open   ; 0 in             ; 0 H/in                 ; 0 F/in                 ; short        ; open          ; open            ; open  ; 0 V                 ; -                  ; n/a           ; n/a             ; n/a         ;
; GPIO[1]             ; 2.5 V        ; 0 in              ; 0 H/in                  ; 0 F/in                  ; short         ; -                   ; open           ; open             ; open   ; 0 in             ; 0 H/in                 ; 0 F/in                 ; short        ; open          ; open            ; open  ; 0 V                 ; -                  ; n/a           ; n/a             ; n/a         ;
; GPIO[3]             ; 2.5 V        ; 0 in              ; 0 H/in                  ; 0 F/in                  ; short         ; -                   ; open           ; open             ; open   ; 0 in             ; 0 H/in                 ; 0 F/in                 ; short        ; open          ; open            ; open  ; 0 V                 ; -                  ; n/a           ; n/a             ; n/a         ;
; GPIO[5]             ; 2.5 V        ; 0 in              ; 0 H/in                  ; 0 F/in                  ; short         ; -                   ; open           ; open             ; open   ; 0 in             ; 0 H/in                 ; 0 F/in                 ; short        ; open          ; open            ; open  ; 0 V                 ; -                  ; n/a           ; n/a             ; n/a         ;
; GPIO[7]             ; 2.5 V        ; 0 in              ; 0 H/in                  ; 0 F/in                  ; short         ; -                   ; open           ; open             ; open   ; 0 in             ; 0 H/in                 ; 0 F/in                 ; short        ; open          ; open            ; open  ; 0 V                 ; -                  ; n/a           ; n/a             ; n/a         ;
; GPIO[8]             ; 2.5 V        ; 0 in              ; 0 H/in                  ; 0 F/in                  ; short         ; -                   ; open           ; open             ; open   ; 0 in             ; 0 H/in                 ; 0 F/in                 ; short        ; open          ; open            ; open  ; 0 V                 ; -                  ; n/a           ; n/a             ; n/a         ;
; GPIO[9]             ; 2.5 V        ; 0 in              ; 0 H/in                  ; 0 F/in                  ; short         ; -                   ; open           ; open             ; open   ; 0 in             ; 0 H/in                 ; 0 F/in                 ; short        ; open          ; open            ; open  ; 0 V                 ; -                  ; n/a           ; n/a             ; n/a         ;
; GPIO[10]            ; 2.5 V        ; 0 in              ; 0 H/in                  ; 0 F/in                  ; short         ; -                   ; open           ; open             ; open   ; 0 in             ; 0 H/in                 ; 0 F/in                 ; short        ; open          ; open            ; open  ; 0 V                 ; -                  ; n/a           ; n/a             ; n/a         ;
; GPIO[11]            ; 2.5 V        ; 0 in              ; 0 H/in                  ; 0 F/in                  ; short         ; -                   ; open           ; open             ; open   ; 0 in             ; 0 H/in                 ; 0 F/in                 ; short        ; open          ; open            ; open  ; 0 V                 ; -                  ; n/a           ; n/a             ; n/a         ;
; GPIO[12]            ; 2.5 V        ; 0 in              ; 0 H/in                  ; 0 F/in                  ; short         ; -                   ; open           ; open             ; open   ; 0 in             ; 0 H/in                 ; 0 F/in                 ; short        ; open          ; open            ; open  ; 0 V                 ; -                  ; n/a           ; n/a             ; n/a         ;
; GPIO[13]            ; 2.5 V        ; 0 in              ; 0 H/in                  ; 0 F/in                  ; short         ; -                   ; open           ; open             ; open   ; 0 in             ; 0 H/in                 ; 0 F/in                 ; short        ; open          ; open            ; open  ; 0 V                 ; -                  ; n/a           ; n/a             ; n/a         ;
; GPIO[14]            ; 2.5 V        ; 0 in              ; 0 H/in                  ; 0 F/in                  ; short         ; -                   ; open           ; open             ; open   ; 0 in             ; 0 H/in                 ; 0 F/in                 ; short        ; open          ; open            ; open  ; 0 V                 ; -                  ; n/a           ; n/a             ; n/a         ;
; GPIO[15]            ; 2.5 V        ; 0 in              ; 0 H/in                  ; 0 F/in                  ; short         ; -                   ; open           ; open             ; open   ; 0 in             ; 0 H/in                 ; 0 F/in                 ; short        ; open          ; open            ; open  ; 0 V                 ; -                  ; n/a           ; n/a             ; n/a         ;
; GPIO[16]            ; 2.5 V        ; 0 in              ; 0 H/in                  ; 0 F/in                  ; short         ; -                   ; open           ; open             ; open   ; 0 in             ; 0 H/in                 ; 0 F/in                 ; short        ; open          ; open            ; open  ; 0 V                 ; -                  ; n/a           ; n/a             ; n/a         ;
; GPIO[17]            ; 2.5 V        ; 0 in              ; 0 H/in                  ; 0 F/in                  ; short         ; -                   ; open           ; open             ; open   ; 0 in             ; 0 H/in                 ; 0 F/in                 ; short        ; open          ; open            ; open  ; 0 V                 ; -                  ; n/a           ; n/a             ; n/a         ;
; GPIO[18]            ; 2.5 V        ; 0 in              ; 0 H/in                  ; 0 F/in                  ; short         ; -                   ; open           ; open             ; open   ; 0 in             ; 0 H/in                 ; 0 F/in                 ; short        ; open          ; open            ; open  ; 0 V                 ; -                  ; n/a           ; n/a             ; n/a         ;
; GPIO[19]            ; 2.5 V        ; 0 in              ; 0 H/in                  ; 0 F/in                  ; short         ; -                   ; open           ; open             ; open   ; 0 in             ; 0 H/in                 ; 0 F/in                 ; short        ; open          ; open            ; open  ; 0 V                 ; -                  ; n/a           ; n/a             ; n/a         ;
; GPIO[20]            ; 2.5 V        ; 0 in              ; 0 H/in                  ; 0 F/in                  ; short         ; -                   ; open           ; open             ; open   ; 0 in             ; 0 H/in                 ; 0 F/in                 ; short        ; open          ; open            ; open  ; 0 V                 ; -                  ; n/a           ; n/a             ; n/a         ;
; GPIO[21]            ; 2.5 V        ; 0 in              ; 0 H/in                  ; 0 F/in                  ; short         ; -                   ; open           ; open             ; open   ; 0 in             ; 0 H/in                 ; 0 F/in                 ; short        ; open          ; open            ; open  ; 0 V                 ; -                  ; n/a           ; n/a             ; n/a         ;
; GPIO[22]            ; 2.5 V        ; 0 in              ; 0 H/in                  ; 0 F/in                  ; short         ; -                   ; open           ; open             ; open   ; 0 in             ; 0 H/in                 ; 0 F/in                 ; short        ; open          ; open            ; open  ; 0 V                 ; -                  ; n/a           ; n/a             ; n/a         ;
; GPIO[23]            ; 2.5 V        ; 0 in              ; 0 H/in                  ; 0 F/in                  ; short         ; -                   ; open           ; open             ; open   ; 0 in             ; 0 H/in                 ; 0 F/in                 ; short        ; open          ; open            ; open  ; 0 V                 ; -                  ; n/a           ; n/a             ; n/a         ;
; GPIO[24]            ; 2.5 V        ; 0 in              ; 0 H/in                  ; 0 F/in                  ; short         ; -                   ; open           ; open             ; open   ; 0 in             ; 0 H/in                 ; 0 F/in                 ; short        ; open          ; open            ; open  ; 0 V                 ; -                  ; n/a           ; n/a             ; n/a         ;
; GPIO[25]            ; 2.5 V        ; 0 in              ; 0 H/in                  ; 0 F/in                  ; short         ; -                   ; open           ; open             ; open   ; 0 in             ; 0 H/in                 ; 0 F/in                 ; short        ; open          ; open            ; open  ; 0 V                 ; -                  ; n/a           ; n/a             ; n/a         ;
; GPIO[26]            ; 2.5 V        ; 0 in              ; 0 H/in                  ; 0 F/in                  ; short         ; -                   ; open           ; open             ; open   ; 0 in             ; 0 H/in                 ; 0 F/in                 ; short        ; open          ; open            ; open  ; 0 V                 ; -                  ; n/a           ; n/a             ; n/a         ;
; GPIO[27]            ; 2.5 V        ; 0 in              ; 0 H/in                  ; 0 F/in                  ; short         ; -                   ; open           ; open             ; open   ; 0 in             ; 0 H/in                 ; 0 F/in                 ; short        ; open          ; open            ; open  ; 0 V                 ; -                  ; n/a           ; n/a             ; n/a         ;
; GPIO[28]            ; 2.5 V        ; 0 in              ; 0 H/in                  ; 0 F/in                  ; short         ; -                   ; open           ; open             ; open   ; 0 in             ; 0 H/in                 ; 0 F/in                 ; short        ; open          ; open            ; open  ; 0 V                 ; -                  ; n/a           ; n/a             ; n/a         ;
; GPIO[29]            ; 2.5 V        ; 0 in              ; 0 H/in                  ; 0 F/in                  ; short         ; -                   ; open           ; open             ; open   ; 0 in             ; 0 H/in                 ; 0 F/in                 ; short        ; open          ; open            ; open  ; 0 V                 ; -                  ; n/a           ; n/a             ; n/a         ;
; GPIO[30]            ; 2.5 V        ; 0 in              ; 0 H/in                  ; 0 F/in                  ; short         ; -                   ; open           ; open             ; open   ; 0 in             ; 0 H/in                 ; 0 F/in                 ; short        ; open          ; open            ; open  ; 0 V                 ; -                  ; n/a           ; n/a             ; n/a         ;
; GPIO[31]            ; 2.5 V        ; 0 in              ; 0 H/in                  ; 0 F/in                  ; short         ; -                   ; open           ; open             ; open   ; 0 in             ; 0 H/in                 ; 0 F/in                 ; short        ; open          ; open            ; open  ; 0 V                 ; -                  ; n/a           ; n/a             ; n/a         ;
; GPIO[32]            ; 2.5 V        ; 0 in              ; 0 H/in                  ; 0 F/in                  ; short         ; -                   ; open           ; open             ; open   ; 0 in             ; 0 H/in                 ; 0 F/in                 ; short        ; open          ; open            ; open  ; 0 V                 ; -                  ; n/a           ; n/a             ; n/a         ;
; GPIO[33]            ; 2.5 V        ; 0 in              ; 0 H/in                  ; 0 F/in                  ; short         ; -                   ; open           ; open             ; open   ; 0 in             ; 0 H/in                 ; 0 F/in                 ; short        ; open          ; open            ; open  ; 0 V                 ; -                  ; n/a           ; n/a             ; n/a         ;
; GPIO[34]            ; 2.5 V        ; 0 in              ; 0 H/in                  ; 0 F/in                  ; short         ; -                   ; open           ; open             ; open   ; 0 in             ; 0 H/in                 ; 0 F/in                 ; short        ; open          ; open            ; open  ; 0 V                 ; -                  ; n/a           ; n/a             ; n/a         ;
; GPIO[35]            ; 2.5 V        ; 0 in              ; 0 H/in                  ; 0 F/in                  ; short         ; -                   ; open           ; open             ; open   ; 0 in             ; 0 H/in                 ; 0 F/in                 ; short        ; open          ; open            ; open  ; 0 V                 ; -                  ; n/a           ; n/a             ; n/a         ;
; GPIO[0]             ; 2.5 V        ; 0 in              ; 0 H/in                  ; 0 F/in                  ; short         ; -                   ; open           ; open             ; open   ; 0 in             ; 0 H/in                 ; 0 F/in                 ; short        ; open          ; open            ; open  ; 0 V                 ; -                  ; n/a           ; n/a             ; n/a         ;
; GPIO[2]             ; 2.5 V        ; 0 in              ; 0 H/in                  ; 0 F/in                  ; short         ; -                   ; open           ; open             ; open   ; 0 in             ; 0 H/in                 ; 0 F/in                 ; short        ; open          ; open            ; open  ; 0 V                 ; -                  ; n/a           ; n/a             ; n/a         ;
; GPIO[4]             ; 2.5 V        ; 0 in              ; 0 H/in                  ; 0 F/in                  ; short         ; -                   ; open           ; open             ; open   ; 0 in             ; 0 H/in                 ; 0 F/in                 ; short        ; open          ; open            ; open  ; 0 V                 ; -                  ; n/a           ; n/a             ; n/a         ;
; GPIO[6]             ; 2.5 V        ; 0 in              ; 0 H/in                  ; 0 F/in                  ; short         ; -                   ; open           ; open             ; open   ; 0 in             ; 0 H/in                 ; 0 F/in                 ; short        ; open          ; open            ; open  ; 0 V                 ; -                  ; n/a           ; n/a             ; n/a         ;
; altera_reserved_tdo ; 2.5 V        ; 0 in              ; 0 H/in                  ; 0 F/in                  ; short         ; -                   ; open           ; open             ; open   ; 0 in             ; 0 H/in                 ; 0 F/in                 ; short        ; open          ; open            ; open  ; 0 V                 ; -                  ; n/a           ; n/a             ; n/a         ;
+---------------------+--------------+-------------------+-------------------------+-------------------------+---------------+---------------------+----------------+------------------+--------+------------------+------------------------+------------------------+--------------+---------------+-----------------+-------+---------------------+--------------------+---------------+-----------------+-------------+


+------------------------------------------------------------------------+
; Input Transition Times                                                 ;
+---------------------+--------------+-----------------+-----------------+
; Pin                 ; I/O Standard ; 10-90 Rise Time ; 90-10 Fall Time ;
+---------------------+--------------+-----------------+-----------------+
; KEY[1]              ; 2.5 V        ; 2000 ps         ; 2000 ps         ;
; KEY[2]              ; 2.5 V        ; 2000 ps         ; 2000 ps         ;
; KEY[3]              ; 2.5 V        ; 2000 ps         ; 2000 ps         ;
; GPIO[1]             ; 2.5 V        ; 2000 ps         ; 2000 ps         ;
; GPIO[3]             ; 2.5 V        ; 2000 ps         ; 2000 ps         ;
; GPIO[5]             ; 2.5 V        ; 2000 ps         ; 2000 ps         ;
; GPIO[7]             ; 2.5 V        ; 2000 ps         ; 2000 ps         ;
; GPIO[8]             ; 2.5 V        ; 2000 ps         ; 2000 ps         ;
; GPIO[9]             ; 2.5 V        ; 2000 ps         ; 2000 ps         ;
; GPIO[10]            ; 2.5 V        ; 2000 ps         ; 2000 ps         ;
; GPIO[11]            ; 2.5 V        ; 2000 ps         ; 2000 ps         ;
; GPIO[12]            ; 2.5 V        ; 2000 ps         ; 2000 ps         ;
; GPIO[13]            ; 2.5 V        ; 2000 ps         ; 2000 ps         ;
; GPIO[14]            ; 2.5 V        ; 2000 ps         ; 2000 ps         ;
; GPIO[15]            ; 2.5 V        ; 2000 ps         ; 2000 ps         ;
; GPIO[16]            ; 2.5 V        ; 2000 ps         ; 2000 ps         ;
; GPIO[17]            ; 2.5 V        ; 2000 ps         ; 2000 ps         ;
; GPIO[18]            ; 2.5 V        ; 2000 ps         ; 2000 ps         ;
; GPIO[19]            ; 2.5 V        ; 2000 ps         ; 2000 ps         ;
; GPIO[20]            ; 2.5 V        ; 2000 ps         ; 2000 ps         ;
; GPIO[21]            ; 2.5 V        ; 2000 ps         ; 2000 ps         ;
; GPIO[22]            ; 2.5 V        ; 2000 ps         ; 2000 ps         ;
; GPIO[23]            ; 2.5 V        ; 2000 ps         ; 2000 ps         ;
; GPIO[24]            ; 2.5 V        ; 2000 ps         ; 2000 ps         ;
; GPIO[25]            ; 2.5 V        ; 2000 ps         ; 2000 ps         ;
; GPIO[26]            ; 2.5 V        ; 2000 ps         ; 2000 ps         ;
; GPIO[27]            ; 2.5 V        ; 2000 ps         ; 2000 ps         ;
; GPIO[28]            ; 2.5 V        ; 2000 ps         ; 2000 ps         ;
; GPIO[29]            ; 2.5 V        ; 2000 ps         ; 2000 ps         ;
; GPIO[30]            ; 2.5 V        ; 2000 ps         ; 2000 ps         ;
; GPIO[31]            ; 2.5 V        ; 2000 ps         ; 2000 ps         ;
; GPIO[32]            ; 2.5 V        ; 2000 ps         ; 2000 ps         ;
; GPIO[33]            ; 2.5 V        ; 2000 ps         ; 2000 ps         ;
; GPIO[34]            ; 2.5 V        ; 2000 ps         ; 2000 ps         ;
; GPIO[35]            ; 2.5 V        ; 2000 ps         ; 2000 ps         ;
; GPIO[0]             ; 2.5 V        ; 2000 ps         ; 2000 ps         ;
; GPIO[2]             ; 2.5 V        ; 2000 ps         ; 2000 ps         ;
; GPIO[4]             ; 2.5 V        ; 2000 ps         ; 2000 ps         ;
; GPIO[6]             ; 2.5 V        ; 2000 ps         ; 2000 ps         ;
; CLOCK_50            ; 2.5 V        ; 2000 ps         ; 2000 ps         ;
; KEY[0]              ; 2.5 V        ; 2000 ps         ; 2000 ps         ;
; altera_reserved_tms ; 2.5 V        ; 2000 ps         ; 2000 ps         ;
; altera_reserved_tck ; 2.5 V        ; 2000 ps         ; 2000 ps         ;
; altera_reserved_tdi ; 2.5 V        ; 2000 ps         ; 2000 ps         ;
+---------------------+--------------+-----------------+-----------------+


+--------------------------------------------------------------------------------------------------------------------------------------------------------------------------------------------------------------------------------------------------------------------------------------------------------------------------------------------------------------------------------------------------------------------------------------------------------------------------------------------------------------------------------------------------------------------------------------------------------------------------------------------------------------------------------------------------+
; Signal Integrity Metrics (Slow 1100mv 0c Model)                                                                                                                                                                                                                                                                                                                                                                                                                                                                                                                                                                                                                                                  ;
+---------------------+--------------+---------------------+---------------------+------------------------------+------------------------------+---------------------+---------------------+--------------------------------------+--------------------------------------+-----------------------------+-----------------------------+----------------------------+----------------------------+-----------------------------+-----------------------------+--------------------+--------------------+-------------------------------------+-------------------------------------+----------------------------+----------------------------+---------------------------+---------------------------+
; Pin                 ; I/O Standard ; Board Delay on Rise ; Board Delay on Fall ; Steady State Voh at FPGA Pin ; Steady State Vol at FPGA Pin ; Voh Max at FPGA Pin ; Vol Min at FPGA Pin ; Ringback Voltage on Rise at FPGA Pin ; Ringback Voltage on Fall at FPGA Pin ; 10-90 Rise Time at FPGA Pin ; 90-10 Fall Time at FPGA Pin ; Monotonic Rise at FPGA Pin ; Monotonic Fall at FPGA Pin ; Steady State Voh at Far-end ; Steady State Vol at Far-end ; Voh Max at Far-end ; Vol Min at Far-end ; Ringback Voltage on Rise at Far-end ; Ringback Voltage on Fall at Far-end ; 10-90 Rise Time at Far-end ; 90-10 Fall Time at Far-end ; Monotonic Rise at Far-end ; Monotonic Fall at Far-end ;
+---------------------+--------------+---------------------+---------------------+------------------------------+------------------------------+---------------------+---------------------+--------------------------------------+--------------------------------------+-----------------------------+-----------------------------+----------------------------+----------------------------+-----------------------------+-----------------------------+--------------------+--------------------+-------------------------------------+-------------------------------------+----------------------------+----------------------------+---------------------------+---------------------------+
; HEX0[0]             ; 2.5 V        ; 0 s                 ; 0 s                 ; 2.32 V                       ; 3.07e-07 V                   ; 2.36 V              ; -0.0231 V           ; 0.14 V                               ; 0.089 V                              ; 4.52e-10 s                  ; 4.35e-10 s                  ; No                         ; Yes                        ; 2.32 V                      ; 3.07e-07 V                  ; 2.36 V             ; -0.0231 V          ; 0.14 V                              ; 0.089 V                             ; 4.52e-10 s                 ; 4.35e-10 s                 ; No                        ; Yes                       ;
; HEX0[1]             ; 2.5 V        ; 0 s                 ; 0 s                 ; 2.32 V                       ; 3.6e-07 V                    ; 2.41 V              ; -0.0463 V           ; 0.201 V                              ; 0.131 V                              ; 4.61e-10 s                  ; 4.53e-10 s                  ; No                         ; Yes                        ; 2.32 V                      ; 3.6e-07 V                   ; 2.41 V             ; -0.0463 V          ; 0.201 V                             ; 0.131 V                             ; 4.61e-10 s                 ; 4.53e-10 s                 ; No                        ; Yes                       ;
; HEX0[2]             ; 2.5 V        ; 0 s                 ; 0 s                 ; 2.32 V                       ; 3.52e-07 V                   ; 2.42 V              ; -0.0557 V           ; 0.175 V                              ; 0.114 V                              ; 4.5e-10 s                   ; 4.35e-10 s                  ; No                         ; No                         ; 2.32 V                      ; 3.52e-07 V                  ; 2.42 V             ; -0.0557 V          ; 0.175 V                             ; 0.114 V                             ; 4.5e-10 s                  ; 4.35e-10 s                 ; No                        ; No                        ;
; HEX0[3]             ; 2.5 V        ; 0 s                 ; 0 s                 ; 2.32 V                       ; 3.52e-07 V                   ; 2.42 V              ; -0.0568 V           ; 0.173 V                              ; 0.113 V                              ; 4.5e-10 s                   ; 4.35e-10 s                  ; No                         ; No                         ; 2.32 V                      ; 3.52e-07 V                  ; 2.42 V             ; -0.0568 V          ; 0.173 V                             ; 0.113 V                             ; 4.5e-10 s                  ; 4.35e-10 s                 ; No                        ; No                        ;
; HEX0[4]             ; 2.5 V        ; 0 s                 ; 0 s                 ; 2.32 V                       ; 3.52e-07 V                   ; 2.42 V              ; -0.0568 V           ; 0.173 V                              ; 0.113 V                              ; 4.5e-10 s                   ; 4.35e-10 s                  ; No                         ; No                         ; 2.32 V                      ; 3.52e-07 V                  ; 2.42 V             ; -0.0568 V          ; 0.173 V                             ; 0.113 V                             ; 4.5e-10 s                  ; 4.35e-10 s                 ; No                        ; No                        ;
; HEX0[5]             ; 2.5 V        ; 0 s                 ; 0 s                 ; 2.32 V                       ; 3.52e-07 V                   ; 2.42 V              ; -0.0568 V           ; 0.173 V                              ; 0.113 V                              ; 4.5e-10 s                   ; 4.35e-10 s                  ; No                         ; No                         ; 2.32 V                      ; 3.52e-07 V                  ; 2.42 V             ; -0.0568 V          ; 0.173 V                             ; 0.113 V                             ; 4.5e-10 s                  ; 4.35e-10 s                 ; No                        ; No                        ;
; HEX0[6]             ; 2.5 V        ; 0 s                 ; 0 s                 ; 2.32 V                       ; 3.52e-07 V                   ; 2.42 V              ; -0.0557 V           ; 0.175 V                              ; 0.114 V                              ; 4.5e-10 s                   ; 4.35e-10 s                  ; No                         ; No                         ; 2.32 V                      ; 3.52e-07 V                  ; 2.42 V             ; -0.0557 V          ; 0.175 V                             ; 0.114 V                             ; 4.5e-10 s                  ; 4.35e-10 s                 ; No                        ; No                        ;
; HEX1[0]             ; 2.5 V        ; 0 s                 ; 0 s                 ; 2.32 V                       ; 3.52e-07 V                   ; 2.42 V              ; -0.0557 V           ; 0.175 V                              ; 0.114 V                              ; 4.5e-10 s                   ; 4.35e-10 s                  ; No                         ; No                         ; 2.32 V                      ; 3.52e-07 V                  ; 2.42 V             ; -0.0557 V          ; 0.175 V                             ; 0.114 V                             ; 4.5e-10 s                  ; 4.35e-10 s                 ; No                        ; No                        ;
; HEX1[1]             ; 2.5 V        ; 0 s                 ; 0 s                 ; 2.32 V                       ; 3.6e-07 V                    ; 2.41 V              ; -0.0463 V           ; 0.201 V                              ; 0.131 V                              ; 4.61e-10 s                  ; 4.53e-10 s                  ; No                         ; Yes                        ; 2.32 V                      ; 3.6e-07 V                   ; 2.41 V             ; -0.0463 V          ; 0.201 V                             ; 0.131 V                             ; 4.61e-10 s                 ; 4.53e-10 s                 ; No                        ; Yes                       ;
; HEX1[2]             ; 2.5 V        ; 0 s                 ; 0 s                 ; 2.32 V                       ; 3.52e-07 V                   ; 2.42 V              ; -0.0568 V           ; 0.173 V                              ; 0.113 V                              ; 4.5e-10 s                   ; 4.35e-10 s                  ; No                         ; No                         ; 2.32 V                      ; 3.52e-07 V                  ; 2.42 V             ; -0.0568 V          ; 0.173 V                             ; 0.113 V                             ; 4.5e-10 s                  ; 4.35e-10 s                 ; No                        ; No                        ;
; HEX1[3]             ; 2.5 V        ; 0 s                 ; 0 s                 ; 2.32 V                       ; 3.07e-07 V                   ; 2.36 V              ; -0.0231 V           ; 0.14 V                               ; 0.089 V                              ; 4.52e-10 s                  ; 4.35e-10 s                  ; No                         ; Yes                        ; 2.32 V                      ; 3.07e-07 V                  ; 2.36 V             ; -0.0231 V          ; 0.14 V                              ; 0.089 V                             ; 4.52e-10 s                 ; 4.35e-10 s                 ; No                        ; Yes                       ;
; HEX1[4]             ; 2.5 V        ; 0 s                 ; 0 s                 ; 2.32 V                       ; 3.6e-07 V                    ; 2.41 V              ; -0.0463 V           ; 0.201 V                              ; 0.131 V                              ; 4.61e-10 s                  ; 4.53e-10 s                  ; No                         ; Yes                        ; 2.32 V                      ; 3.6e-07 V                   ; 2.41 V             ; -0.0463 V          ; 0.201 V                             ; 0.131 V                             ; 4.61e-10 s                 ; 4.53e-10 s                 ; No                        ; Yes                       ;
; HEX1[5]             ; 2.5 V        ; 0 s                 ; 0 s                 ; 2.32 V                       ; 3.6e-07 V                    ; 2.41 V              ; -0.0463 V           ; 0.201 V                              ; 0.131 V                              ; 4.61e-10 s                  ; 4.53e-10 s                  ; No                         ; Yes                        ; 2.32 V                      ; 3.6e-07 V                   ; 2.41 V             ; -0.0463 V          ; 0.201 V                             ; 0.131 V                             ; 4.61e-10 s                 ; 4.53e-10 s                 ; No                        ; Yes                       ;
; HEX1[6]             ; 2.5 V        ; 0 s                 ; 0 s                 ; 2.32 V                       ; 3.6e-07 V                    ; 2.41 V              ; -0.0463 V           ; 0.201 V                              ; 0.131 V                              ; 4.61e-10 s                  ; 4.53e-10 s                  ; No                         ; Yes                        ; 2.32 V                      ; 3.6e-07 V                   ; 2.41 V             ; -0.0463 V          ; 0.201 V                             ; 0.131 V                             ; 4.61e-10 s                 ; 4.53e-10 s                 ; No                        ; Yes                       ;
; HEX2[0]             ; 2.5 V        ; 0 s                 ; 0 s                 ; 2.32 V                       ; 3.6e-07 V                    ; 2.41 V              ; -0.0463 V           ; 0.201 V                              ; 0.131 V                              ; 4.61e-10 s                  ; 4.53e-10 s                  ; No                         ; Yes                        ; 2.32 V                      ; 3.6e-07 V                   ; 2.41 V             ; -0.0463 V          ; 0.201 V                             ; 0.131 V                             ; 4.61e-10 s                 ; 4.53e-10 s                 ; No                        ; Yes                       ;
; HEX2[1]             ; 2.5 V        ; 0 s                 ; 0 s                 ; 2.32 V                       ; 3.07e-07 V                   ; 2.36 V              ; -0.0231 V           ; 0.14 V                               ; 0.089 V                              ; 4.52e-10 s                  ; 4.35e-10 s                  ; No                         ; Yes                        ; 2.32 V                      ; 3.07e-07 V                  ; 2.36 V             ; -0.0231 V          ; 0.14 V                              ; 0.089 V                             ; 4.52e-10 s                 ; 4.35e-10 s                 ; No                        ; Yes                       ;
; HEX2[2]             ; 2.5 V        ; 0 s                 ; 0 s                 ; 2.32 V                       ; 3.07e-07 V                   ; 2.36 V              ; -0.0231 V           ; 0.14 V                               ; 0.089 V                              ; 4.52e-10 s                  ; 4.35e-10 s                  ; No                         ; Yes                        ; 2.32 V                      ; 3.07e-07 V                  ; 2.36 V             ; -0.0231 V          ; 0.14 V                              ; 0.089 V                             ; 4.52e-10 s                 ; 4.35e-10 s                 ; No                        ; Yes                       ;
; HEX2[3]             ; 2.5 V        ; 0 s                 ; 0 s                 ; 2.32 V                       ; 3.6e-07 V                    ; 2.41 V              ; -0.0463 V           ; 0.201 V                              ; 0.131 V                              ; 4.61e-10 s                  ; 4.53e-10 s                  ; No                         ; Yes                        ; 2.32 V                      ; 3.6e-07 V                   ; 2.41 V             ; -0.0463 V          ; 0.201 V                             ; 0.131 V                             ; 4.61e-10 s                 ; 4.53e-10 s                 ; No                        ; Yes                       ;
; HEX2[4]             ; 2.5 V        ; 0 s                 ; 0 s                 ; 2.32 V                       ; 3.6e-07 V                    ; 2.41 V              ; -0.0463 V           ; 0.201 V                              ; 0.131 V                              ; 4.61e-10 s                  ; 4.53e-10 s                  ; No                         ; Yes                        ; 2.32 V                      ; 3.6e-07 V                   ; 2.41 V             ; -0.0463 V          ; 0.201 V                             ; 0.131 V                             ; 4.61e-10 s                 ; 4.53e-10 s                 ; No                        ; Yes                       ;
; HEX2[5]             ; 2.5 V        ; 0 s                 ; 0 s                 ; 2.32 V                       ; 3.07e-07 V                   ; 2.36 V              ; -0.0231 V           ; 0.14 V                               ; 0.089 V                              ; 4.52e-10 s                  ; 4.35e-10 s                  ; No                         ; Yes                        ; 2.32 V                      ; 3.07e-07 V                  ; 2.36 V             ; -0.0231 V          ; 0.14 V                              ; 0.089 V                             ; 4.52e-10 s                 ; 4.35e-10 s                 ; No                        ; Yes                       ;
; HEX2[6]             ; 2.5 V        ; 0 s                 ; 0 s                 ; 2.32 V                       ; 3.07e-07 V                   ; 2.36 V              ; -0.0231 V           ; 0.14 V                               ; 0.089 V                              ; 4.52e-10 s                  ; 4.35e-10 s                  ; No                         ; Yes                        ; 2.32 V                      ; 3.07e-07 V                  ; 2.36 V             ; -0.0231 V          ; 0.14 V                              ; 0.089 V                             ; 4.52e-10 s                 ; 4.35e-10 s                 ; No                        ; Yes                       ;
; GPIO[1]             ; 2.5 V        ; 0 s                 ; 0 s                 ; 2.32 V                       ; 3.52e-07 V                   ; 2.42 V              ; -0.0568 V           ; 0.173 V                              ; 0.113 V                              ; 4.5e-10 s                   ; 4.35e-10 s                  ; No                         ; No                         ; 2.32 V                      ; 3.52e-07 V                  ; 2.42 V             ; -0.0568 V          ; 0.173 V                             ; 0.113 V                             ; 4.5e-10 s                  ; 4.35e-10 s                 ; No                        ; No                        ;
; GPIO[3]             ; 2.5 V        ; 0 s                 ; 0 s                 ; 2.32 V                       ; 3.52e-07 V                   ; 2.42 V              ; -0.0557 V           ; 0.175 V                              ; 0.114 V                              ; 4.5e-10 s                   ; 4.35e-10 s                  ; No                         ; No                         ; 2.32 V                      ; 3.52e-07 V                  ; 2.42 V             ; -0.0557 V          ; 0.175 V                             ; 0.114 V                             ; 4.5e-10 s                  ; 4.35e-10 s                 ; No                        ; No                        ;
; GPIO[5]             ; 2.5 V        ; 0 s                 ; 0 s                 ; 2.32 V                       ; 3.07e-07 V                   ; 2.36 V              ; -0.0231 V           ; 0.14 V                               ; 0.089 V                              ; 4.52e-10 s                  ; 4.35e-10 s                  ; No                         ; Yes                        ; 2.32 V                      ; 3.07e-07 V                  ; 2.36 V             ; -0.0231 V          ; 0.14 V                              ; 0.089 V                             ; 4.52e-10 s                 ; 4.35e-10 s                 ; No                        ; Yes                       ;
; GPIO[7]             ; 2.5 V        ; 0 s                 ; 0 s                 ; 2.32 V                       ; 3.52e-07 V                   ; 2.42 V              ; -0.0557 V           ; 0.175 V                              ; 0.114 V                              ; 4.5e-10 s                   ; 4.35e-10 s                  ; No                         ; No                         ; 2.32 V                      ; 3.52e-07 V                  ; 2.42 V             ; -0.0557 V          ; 0.175 V                             ; 0.114 V                             ; 4.5e-10 s                  ; 4.35e-10 s                 ; No                        ; No                        ;
; GPIO[8]             ; 2.5 V        ; 0 s                 ; 0 s                 ; 2.32 V                       ; 3.52e-07 V                   ; 2.42 V              ; -0.0557 V           ; 0.175 V                              ; 0.114 V                              ; 4.5e-10 s                   ; 4.35e-10 s                  ; No                         ; No                         ; 2.32 V                      ; 3.52e-07 V                  ; 2.42 V             ; -0.0557 V          ; 0.175 V                             ; 0.114 V                             ; 4.5e-10 s                  ; 4.35e-10 s                 ; No                        ; No                        ;
; GPIO[9]             ; 2.5 V        ; 0 s                 ; 0 s                 ; 2.32 V                       ; 3.52e-07 V                   ; 2.42 V              ; -0.0557 V           ; 0.175 V                              ; 0.114 V                              ; 4.5e-10 s                   ; 4.35e-10 s                  ; No                         ; No                         ; 2.32 V                      ; 3.52e-07 V                  ; 2.42 V             ; -0.0557 V          ; 0.175 V                             ; 0.114 V                             ; 4.5e-10 s                  ; 4.35e-10 s                 ; No                        ; No                        ;
; GPIO[10]            ; 2.5 V        ; 0 s                 ; 0 s                 ; 2.32 V                       ; 3.6e-07 V                    ; 2.41 V              ; -0.0463 V           ; 0.201 V                              ; 0.131 V                              ; 4.61e-10 s                  ; 4.53e-10 s                  ; No                         ; Yes                        ; 2.32 V                      ; 3.6e-07 V                   ; 2.41 V             ; -0.0463 V          ; 0.201 V                             ; 0.131 V                             ; 4.61e-10 s                 ; 4.53e-10 s                 ; No                        ; Yes                       ;
; GPIO[11]            ; 2.5 V        ; 0 s                 ; 0 s                 ; 2.32 V                       ; 3.52e-07 V                   ; 2.42 V              ; -0.0568 V           ; 0.173 V                              ; 0.113 V                              ; 4.5e-10 s                   ; 4.35e-10 s                  ; No                         ; No                         ; 2.32 V                      ; 3.52e-07 V                  ; 2.42 V             ; -0.0568 V          ; 0.173 V                             ; 0.113 V                             ; 4.5e-10 s                  ; 4.35e-10 s                 ; No                        ; No                        ;
; GPIO[12]            ; 2.5 V        ; 0 s                 ; 0 s                 ; 2.32 V                       ; 3.52e-07 V                   ; 2.42 V              ; -0.0568 V           ; 0.173 V                              ; 0.113 V                              ; 4.5e-10 s                   ; 4.35e-10 s                  ; No                         ; No                         ; 2.32 V                      ; 3.52e-07 V                  ; 2.42 V             ; -0.0568 V          ; 0.173 V                             ; 0.113 V                             ; 4.5e-10 s                  ; 4.35e-10 s                 ; No                        ; No                        ;
; GPIO[13]            ; 2.5 V        ; 0 s                 ; 0 s                 ; 2.32 V                       ; 3.52e-07 V                   ; 2.42 V              ; -0.0568 V           ; 0.173 V                              ; 0.113 V                              ; 4.5e-10 s                   ; 4.35e-10 s                  ; No                         ; No                         ; 2.32 V                      ; 3.52e-07 V                  ; 2.42 V             ; -0.0568 V          ; 0.173 V                             ; 0.113 V                             ; 4.5e-10 s                  ; 4.35e-10 s                 ; No                        ; No                        ;
; GPIO[14]            ; 2.5 V        ; 0 s                 ; 0 s                 ; 2.32 V                       ; 3.52e-07 V                   ; 2.42 V              ; -0.0557 V           ; 0.175 V                              ; 0.114 V                              ; 4.5e-10 s                   ; 4.35e-10 s                  ; No                         ; No                         ; 2.32 V                      ; 3.52e-07 V                  ; 2.42 V             ; -0.0557 V          ; 0.175 V                             ; 0.114 V                             ; 4.5e-10 s                  ; 4.35e-10 s                 ; No                        ; No                        ;
; GPIO[15]            ; 2.5 V        ; 0 s                 ; 0 s                 ; 2.32 V                       ; 3.52e-07 V                   ; 2.42 V              ; -0.0557 V           ; 0.175 V                              ; 0.114 V                              ; 4.5e-10 s                   ; 4.35e-10 s                  ; No                         ; No                         ; 2.32 V                      ; 3.52e-07 V                  ; 2.42 V             ; -0.0557 V          ; 0.175 V                             ; 0.114 V                             ; 4.5e-10 s                  ; 4.35e-10 s                 ; No                        ; No                        ;
; GPIO[16]            ; 2.5 V        ; 0 s                 ; 0 s                 ; 2.32 V                       ; 3.52e-07 V                   ; 2.42 V              ; -0.0557 V           ; 0.175 V                              ; 0.114 V                              ; 4.5e-10 s                   ; 4.35e-10 s                  ; No                         ; No                         ; 2.32 V                      ; 3.52e-07 V                  ; 2.42 V             ; -0.0557 V          ; 0.175 V                             ; 0.114 V                             ; 4.5e-10 s                  ; 4.35e-10 s                 ; No                        ; No                        ;
; GPIO[17]            ; 2.5 V        ; 0 s                 ; 0 s                 ; 2.32 V                       ; 3.6e-07 V                    ; 2.41 V              ; -0.0463 V           ; 0.201 V                              ; 0.131 V                              ; 4.61e-10 s                  ; 4.53e-10 s                  ; No                         ; Yes                        ; 2.32 V                      ; 3.6e-07 V                   ; 2.41 V             ; -0.0463 V          ; 0.201 V                             ; 0.131 V                             ; 4.61e-10 s                 ; 4.53e-10 s                 ; No                        ; Yes                       ;
; GPIO[18]            ; 2.5 V        ; 0 s                 ; 0 s                 ; 2.32 V                       ; 3.07e-07 V                   ; 2.36 V              ; -0.0231 V           ; 0.14 V                               ; 0.089 V                              ; 4.52e-10 s                  ; 4.35e-10 s                  ; No                         ; Yes                        ; 2.32 V                      ; 3.07e-07 V                  ; 2.36 V             ; -0.0231 V          ; 0.14 V                              ; 0.089 V                             ; 4.52e-10 s                 ; 4.35e-10 s                 ; No                        ; Yes                       ;
; GPIO[19]            ; 2.5 V        ; 0 s                 ; 0 s                 ; 2.32 V                       ; 3.52e-07 V                   ; 2.42 V              ; -0.0568 V           ; 0.173 V                              ; 0.113 V                              ; 4.5e-10 s                   ; 4.35e-10 s                  ; No                         ; No                         ; 2.32 V                      ; 3.52e-07 V                  ; 2.42 V             ; -0.0568 V          ; 0.173 V                             ; 0.113 V                             ; 4.5e-10 s                  ; 4.35e-10 s                 ; No                        ; No                        ;
; GPIO[20]            ; 2.5 V        ; 0 s                 ; 0 s                 ; 2.32 V                       ; 3.52e-07 V                   ; 2.42 V              ; -0.0568 V           ; 0.173 V                              ; 0.113 V                              ; 4.5e-10 s                   ; 4.35e-10 s                  ; No                         ; No                         ; 2.32 V                      ; 3.52e-07 V                  ; 2.42 V             ; -0.0568 V          ; 0.173 V                             ; 0.113 V                             ; 4.5e-10 s                  ; 4.35e-10 s                 ; No                        ; No                        ;
; GPIO[21]            ; 2.5 V        ; 0 s                 ; 0 s                 ; 2.32 V                       ; 3.52e-07 V                   ; 2.42 V              ; -0.0568 V           ; 0.173 V                              ; 0.113 V                              ; 4.5e-10 s                   ; 4.35e-10 s                  ; No                         ; No                         ; 2.32 V                      ; 3.52e-07 V                  ; 2.42 V             ; -0.0568 V          ; 0.173 V                             ; 0.113 V                             ; 4.5e-10 s                  ; 4.35e-10 s                 ; No                        ; No                        ;
; GPIO[22]            ; 2.5 V        ; 0 s                 ; 0 s                 ; 2.32 V                       ; 3.52e-07 V                   ; 2.42 V              ; -0.0557 V           ; 0.175 V                              ; 0.114 V                              ; 4.5e-10 s                   ; 4.35e-10 s                  ; No                         ; No                         ; 2.32 V                      ; 3.52e-07 V                  ; 2.42 V             ; -0.0557 V          ; 0.175 V                             ; 0.114 V                             ; 4.5e-10 s                  ; 4.35e-10 s                 ; No                        ; No                        ;
; GPIO[23]            ; 2.5 V        ; 0 s                 ; 0 s                 ; 2.32 V                       ; 3.07e-07 V                   ; 2.36 V              ; -0.0231 V           ; 0.14 V                               ; 0.089 V                              ; 4.52e-10 s                  ; 4.35e-10 s                  ; No                         ; Yes                        ; 2.32 V                      ; 3.07e-07 V                  ; 2.36 V             ; -0.0231 V          ; 0.14 V                              ; 0.089 V                             ; 4.52e-10 s                 ; 4.35e-10 s                 ; No                        ; Yes                       ;
; GPIO[24]            ; 2.5 V        ; 0 s                 ; 0 s                 ; 2.32 V                       ; 3.52e-07 V                   ; 2.42 V              ; -0.0557 V           ; 0.175 V                              ; 0.114 V                              ; 4.5e-10 s                   ; 4.35e-10 s                  ; No                         ; No                         ; 2.32 V                      ; 3.52e-07 V                  ; 2.42 V             ; -0.0557 V          ; 0.175 V                             ; 0.114 V                             ; 4.5e-10 s                  ; 4.35e-10 s                 ; No                        ; No                        ;
; GPIO[25]            ; 2.5 V        ; 0 s                 ; 0 s                 ; 2.32 V                       ; 3.52e-07 V                   ; 2.42 V              ; -0.0568 V           ; 0.173 V                              ; 0.113 V                              ; 4.5e-10 s                   ; 4.35e-10 s                  ; No                         ; No                         ; 2.32 V                      ; 3.52e-07 V                  ; 2.42 V             ; -0.0568 V          ; 0.173 V                             ; 0.113 V                             ; 4.5e-10 s                  ; 4.35e-10 s                 ; No                        ; No                        ;
; GPIO[26]            ; 2.5 V        ; 0 s                 ; 0 s                 ; 2.32 V                       ; 3.07e-07 V                   ; 2.36 V              ; -0.0231 V           ; 0.14 V                               ; 0.089 V                              ; 4.52e-10 s                  ; 4.35e-10 s                  ; No                         ; Yes                        ; 2.32 V                      ; 3.07e-07 V                  ; 2.36 V             ; -0.0231 V          ; 0.14 V                              ; 0.089 V                             ; 4.52e-10 s                 ; 4.35e-10 s                 ; No                        ; Yes                       ;
; GPIO[27]            ; 2.5 V        ; 0 s                 ; 0 s                 ; 2.32 V                       ; 3.6e-07 V                    ; 2.41 V              ; -0.0463 V           ; 0.201 V                              ; 0.131 V                              ; 4.61e-10 s                  ; 4.53e-10 s                  ; No                         ; Yes                        ; 2.32 V                      ; 3.6e-07 V                   ; 2.41 V             ; -0.0463 V          ; 0.201 V                             ; 0.131 V                             ; 4.61e-10 s                 ; 4.53e-10 s                 ; No                        ; Yes                       ;
; GPIO[28]            ; 2.5 V        ; 0 s                 ; 0 s                 ; 2.32 V                       ; 3.52e-07 V                   ; 2.42 V              ; -0.0568 V           ; 0.173 V                              ; 0.113 V                              ; 4.5e-10 s                   ; 4.35e-10 s                  ; No                         ; No                         ; 2.32 V                      ; 3.52e-07 V                  ; 2.42 V             ; -0.0568 V          ; 0.173 V                             ; 0.113 V                             ; 4.5e-10 s                  ; 4.35e-10 s                 ; No                        ; No                        ;
; GPIO[29]            ; 2.5 V        ; 0 s                 ; 0 s                 ; 2.32 V                       ; 3.07e-07 V                   ; 2.36 V              ; -0.0231 V           ; 0.14 V                               ; 0.089 V                              ; 4.52e-10 s                  ; 4.35e-10 s                  ; No                         ; Yes                        ; 2.32 V                      ; 3.07e-07 V                  ; 2.36 V             ; -0.0231 V          ; 0.14 V                              ; 0.089 V                             ; 4.52e-10 s                 ; 4.35e-10 s                 ; No                        ; Yes                       ;
; GPIO[30]            ; 2.5 V        ; 0 s                 ; 0 s                 ; 2.32 V                       ; 3.6e-07 V                    ; 2.41 V              ; -0.0463 V           ; 0.201 V                              ; 0.131 V                              ; 4.61e-10 s                  ; 4.53e-10 s                  ; No                         ; Yes                        ; 2.32 V                      ; 3.6e-07 V                   ; 2.41 V             ; -0.0463 V          ; 0.201 V                             ; 0.131 V                             ; 4.61e-10 s                 ; 4.53e-10 s                 ; No                        ; Yes                       ;
; GPIO[31]            ; 2.5 V        ; 0 s                 ; 0 s                 ; 2.32 V                       ; 3.07e-07 V                   ; 2.36 V              ; -0.0231 V           ; 0.14 V                               ; 0.089 V                              ; 4.52e-10 s                  ; 4.35e-10 s                  ; No                         ; Yes                        ; 2.32 V                      ; 3.07e-07 V                  ; 2.36 V             ; -0.0231 V          ; 0.14 V                              ; 0.089 V                             ; 4.52e-10 s                 ; 4.35e-10 s                 ; No                        ; Yes                       ;
; GPIO[32]            ; 2.5 V        ; 0 s                 ; 0 s                 ; 2.32 V                       ; 3.6e-07 V                    ; 2.41 V              ; -0.0463 V           ; 0.201 V                              ; 0.131 V                              ; 4.61e-10 s                  ; 4.53e-10 s                  ; No                         ; Yes                        ; 2.32 V                      ; 3.6e-07 V                   ; 2.41 V             ; -0.0463 V          ; 0.201 V                             ; 0.131 V                             ; 4.61e-10 s                 ; 4.53e-10 s                 ; No                        ; Yes                       ;
; GPIO[33]            ; 2.5 V        ; 0 s                 ; 0 s                 ; 2.32 V                       ; 3.6e-07 V                    ; 2.41 V              ; -0.0463 V           ; 0.201 V                              ; 0.131 V                              ; 4.61e-10 s                  ; 4.53e-10 s                  ; No                         ; Yes                        ; 2.32 V                      ; 3.6e-07 V                   ; 2.41 V             ; -0.0463 V          ; 0.201 V                             ; 0.131 V                             ; 4.61e-10 s                 ; 4.53e-10 s                 ; No                        ; Yes                       ;
; GPIO[34]            ; 2.5 V        ; 0 s                 ; 0 s                 ; 2.32 V                       ; 3.07e-07 V                   ; 2.36 V              ; -0.0231 V           ; 0.14 V                               ; 0.089 V                              ; 4.52e-10 s                  ; 4.35e-10 s                  ; No                         ; Yes                        ; 2.32 V                      ; 3.07e-07 V                  ; 2.36 V             ; -0.0231 V          ; 0.14 V                              ; 0.089 V                             ; 4.52e-10 s                 ; 4.35e-10 s                 ; No                        ; Yes                       ;
; GPIO[35]            ; 2.5 V        ; 0 s                 ; 0 s                 ; 2.32 V                       ; 3.6e-07 V                    ; 2.41 V              ; -0.0463 V           ; 0.201 V                              ; 0.131 V                              ; 4.61e-10 s                  ; 4.53e-10 s                  ; No                         ; Yes                        ; 2.32 V                      ; 3.6e-07 V                   ; 2.41 V             ; -0.0463 V          ; 0.201 V                             ; 0.131 V                             ; 4.61e-10 s                 ; 4.53e-10 s                 ; No                        ; Yes                       ;
; GPIO[0]             ; 2.5 V        ; 0 s                 ; 0 s                 ; 2.32 V                       ; 3.6e-07 V                    ; 2.41 V              ; -0.0463 V           ; 0.201 V                              ; 0.131 V                              ; 4.61e-10 s                  ; 4.53e-10 s                  ; No                         ; Yes                        ; 2.32 V                      ; 3.6e-07 V                   ; 2.41 V             ; -0.0463 V          ; 0.201 V                             ; 0.131 V                             ; 4.61e-10 s                 ; 4.53e-10 s                 ; No                        ; Yes                       ;
; GPIO[2]             ; 2.5 V        ; 0 s                 ; 0 s                 ; 2.32 V                       ; 3.07e-07 V                   ; 2.36 V              ; -0.0231 V           ; 0.14 V                               ; 0.089 V                              ; 4.52e-10 s                  ; 4.35e-10 s                  ; No                         ; Yes                        ; 2.32 V                      ; 3.07e-07 V                  ; 2.36 V             ; -0.0231 V          ; 0.14 V                              ; 0.089 V                             ; 4.52e-10 s                 ; 4.35e-10 s                 ; No                        ; Yes                       ;
; GPIO[4]             ; 2.5 V        ; 0 s                 ; 0 s                 ; 2.32 V                       ; 3.6e-07 V                    ; 2.41 V              ; -0.0463 V           ; 0.201 V                              ; 0.131 V                              ; 4.61e-10 s                  ; 4.53e-10 s                  ; No                         ; Yes                        ; 2.32 V                      ; 3.6e-07 V                   ; 2.41 V             ; -0.0463 V          ; 0.201 V                             ; 0.131 V                             ; 4.61e-10 s                 ; 4.53e-10 s                 ; No                        ; Yes                       ;
; GPIO[6]             ; 2.5 V        ; 0 s                 ; 0 s                 ; 2.32 V                       ; 3.07e-07 V                   ; 2.36 V              ; -0.0231 V           ; 0.14 V                               ; 0.089 V                              ; 4.52e-10 s                  ; 4.35e-10 s                  ; No                         ; Yes                        ; 2.32 V                      ; 3.07e-07 V                  ; 2.36 V             ; -0.0231 V          ; 0.14 V                              ; 0.089 V                             ; 4.52e-10 s                 ; 4.35e-10 s                 ; No                        ; Yes                       ;
; altera_reserved_tdo ; 2.5 V        ; 0 s                 ; 0 s                 ; 2.32 V                       ; 3.2e-07 V                    ; 2.41 V              ; -0.0623 V           ; 0.154 V                              ; 0.113 V                              ; 4.52e-10 s                  ; 4.28e-10 s                  ; No                         ; No                         ; 2.32 V                      ; 3.2e-07 V                   ; 2.41 V             ; -0.0623 V          ; 0.154 V                             ; 0.113 V                             ; 4.52e-10 s                 ; 4.28e-10 s                 ; No                        ; No                        ;
+---------------------+--------------+---------------------+---------------------+------------------------------+------------------------------+---------------------+---------------------+--------------------------------------+--------------------------------------+-----------------------------+-----------------------------+----------------------------+----------------------------+-----------------------------+-----------------------------+--------------------+--------------------+-------------------------------------+-------------------------------------+----------------------------+----------------------------+---------------------------+---------------------------+


+--------------------------------------------------------------------------------------------------------------------------------------------------------------------------------------------------------------------------------------------------------------------------------------------------------------------------------------------------------------------------------------------------------------------------------------------------------------------------------------------------------------------------------------------------------------------------------------------------------------------------------------------------------------------------------------------------+
; Signal Integrity Metrics (Slow 1100mv 85c Model)                                                                                                                                                                                                                                                                                                                                                                                                                                                                                                                                                                                                                                                 ;
+---------------------+--------------+---------------------+---------------------+------------------------------+------------------------------+---------------------+---------------------+--------------------------------------+--------------------------------------+-----------------------------+-----------------------------+----------------------------+----------------------------+-----------------------------+-----------------------------+--------------------+--------------------+-------------------------------------+-------------------------------------+----------------------------+----------------------------+---------------------------+---------------------------+
; Pin                 ; I/O Standard ; Board Delay on Rise ; Board Delay on Fall ; Steady State Voh at FPGA Pin ; Steady State Vol at FPGA Pin ; Voh Max at FPGA Pin ; Vol Min at FPGA Pin ; Ringback Voltage on Rise at FPGA Pin ; Ringback Voltage on Fall at FPGA Pin ; 10-90 Rise Time at FPGA Pin ; 90-10 Fall Time at FPGA Pin ; Monotonic Rise at FPGA Pin ; Monotonic Fall at FPGA Pin ; Steady State Voh at Far-end ; Steady State Vol at Far-end ; Voh Max at Far-end ; Vol Min at Far-end ; Ringback Voltage on Rise at Far-end ; Ringback Voltage on Fall at Far-end ; 10-90 Rise Time at Far-end ; 90-10 Fall Time at Far-end ; Monotonic Rise at Far-end ; Monotonic Fall at Far-end ;
+---------------------+--------------+---------------------+---------------------+------------------------------+------------------------------+---------------------+---------------------+--------------------------------------+--------------------------------------+-----------------------------+-----------------------------+----------------------------+----------------------------+-----------------------------+-----------------------------+--------------------+--------------------+-------------------------------------+-------------------------------------+----------------------------+----------------------------+---------------------------+---------------------------+
; HEX0[0]             ; 2.5 V        ; 0 s                 ; 0 s                 ; 2.32 V                       ; 3.49e-05 V                   ; 2.34 V              ; -0.0118 V           ; 0.182 V                              ; 0.051 V                              ; 4.81e-10 s                  ; 4.83e-10 s                  ; Yes                        ; Yes                        ; 2.32 V                      ; 3.49e-05 V                  ; 2.34 V             ; -0.0118 V          ; 0.182 V                             ; 0.051 V                             ; 4.81e-10 s                 ; 4.83e-10 s                 ; Yes                       ; Yes                       ;
; HEX0[1]             ; 2.5 V        ; 0 s                 ; 0 s                 ; 2.32 V                       ; 3.96e-05 V                   ; 2.38 V              ; -0.0306 V           ; 0.23 V                               ; 0.206 V                              ; 4.83e-10 s                  ; 5.01e-10 s                  ; No                         ; Yes                        ; 2.32 V                      ; 3.96e-05 V                  ; 2.38 V             ; -0.0306 V          ; 0.23 V                              ; 0.206 V                             ; 4.83e-10 s                 ; 5.01e-10 s                 ; No                        ; Yes                       ;
; HEX0[2]             ; 2.5 V        ; 0 s                 ; 0 s                 ; 2.32 V                       ; 3.88e-05 V                   ; 2.39 V              ; -0.037 V            ; 0.188 V                              ; 0.158 V                              ; 4.67e-10 s                  ; 4.67e-10 s                  ; No                         ; Yes                        ; 2.32 V                      ; 3.88e-05 V                  ; 2.39 V             ; -0.037 V           ; 0.188 V                             ; 0.158 V                             ; 4.67e-10 s                 ; 4.67e-10 s                 ; No                        ; Yes                       ;
; HEX0[3]             ; 2.5 V        ; 0 s                 ; 0 s                 ; 2.32 V                       ; 3.88e-05 V                   ; 2.39 V              ; -0.0374 V           ; 0.189 V                              ; 0.158 V                              ; 4.66e-10 s                  ; 4.67e-10 s                  ; No                         ; Yes                        ; 2.32 V                      ; 3.88e-05 V                  ; 2.39 V             ; -0.0374 V          ; 0.189 V                             ; 0.158 V                             ; 4.66e-10 s                 ; 4.67e-10 s                 ; No                        ; Yes                       ;
; HEX0[4]             ; 2.5 V        ; 0 s                 ; 0 s                 ; 2.32 V                       ; 3.88e-05 V                   ; 2.39 V              ; -0.0374 V           ; 0.189 V                              ; 0.158 V                              ; 4.66e-10 s                  ; 4.67e-10 s                  ; No                         ; Yes                        ; 2.32 V                      ; 3.88e-05 V                  ; 2.39 V             ; -0.0374 V          ; 0.189 V                             ; 0.158 V                             ; 4.66e-10 s                 ; 4.67e-10 s                 ; No                        ; Yes                       ;
; HEX0[5]             ; 2.5 V        ; 0 s                 ; 0 s                 ; 2.32 V                       ; 3.88e-05 V                   ; 2.39 V              ; -0.0374 V           ; 0.189 V                              ; 0.158 V                              ; 4.66e-10 s                  ; 4.67e-10 s                  ; No                         ; Yes                        ; 2.32 V                      ; 3.88e-05 V                  ; 2.39 V             ; -0.0374 V          ; 0.189 V                             ; 0.158 V                             ; 4.66e-10 s                 ; 4.67e-10 s                 ; No                        ; Yes                       ;
; HEX0[6]             ; 2.5 V        ; 0 s                 ; 0 s                 ; 2.32 V                       ; 3.88e-05 V                   ; 2.39 V              ; -0.037 V            ; 0.188 V                              ; 0.158 V                              ; 4.67e-10 s                  ; 4.67e-10 s                  ; No                         ; Yes                        ; 2.32 V                      ; 3.88e-05 V                  ; 2.39 V             ; -0.037 V           ; 0.188 V                             ; 0.158 V                             ; 4.67e-10 s                 ; 4.67e-10 s                 ; No                        ; Yes                       ;
; HEX1[0]             ; 2.5 V        ; 0 s                 ; 0 s                 ; 2.32 V                       ; 3.88e-05 V                   ; 2.39 V              ; -0.037 V            ; 0.188 V                              ; 0.158 V                              ; 4.67e-10 s                  ; 4.67e-10 s                  ; No                         ; Yes                        ; 2.32 V                      ; 3.88e-05 V                  ; 2.39 V             ; -0.037 V           ; 0.188 V                             ; 0.158 V                             ; 4.67e-10 s                 ; 4.67e-10 s                 ; No                        ; Yes                       ;
; HEX1[1]             ; 2.5 V        ; 0 s                 ; 0 s                 ; 2.32 V                       ; 3.96e-05 V                   ; 2.38 V              ; -0.0306 V           ; 0.23 V                               ; 0.206 V                              ; 4.83e-10 s                  ; 5.01e-10 s                  ; No                         ; Yes                        ; 2.32 V                      ; 3.96e-05 V                  ; 2.38 V             ; -0.0306 V          ; 0.23 V                              ; 0.206 V                             ; 4.83e-10 s                 ; 5.01e-10 s                 ; No                        ; Yes                       ;
; HEX1[2]             ; 2.5 V        ; 0 s                 ; 0 s                 ; 2.32 V                       ; 3.88e-05 V                   ; 2.39 V              ; -0.0374 V           ; 0.189 V                              ; 0.158 V                              ; 4.66e-10 s                  ; 4.67e-10 s                  ; No                         ; Yes                        ; 2.32 V                      ; 3.88e-05 V                  ; 2.39 V             ; -0.0374 V          ; 0.189 V                             ; 0.158 V                             ; 4.66e-10 s                 ; 4.67e-10 s                 ; No                        ; Yes                       ;
; HEX1[3]             ; 2.5 V        ; 0 s                 ; 0 s                 ; 2.32 V                       ; 3.49e-05 V                   ; 2.34 V              ; -0.0118 V           ; 0.182 V                              ; 0.051 V                              ; 4.81e-10 s                  ; 4.83e-10 s                  ; Yes                        ; Yes                        ; 2.32 V                      ; 3.49e-05 V                  ; 2.34 V             ; -0.0118 V          ; 0.182 V                             ; 0.051 V                             ; 4.81e-10 s                 ; 4.83e-10 s                 ; Yes                       ; Yes                       ;
; HEX1[4]             ; 2.5 V        ; 0 s                 ; 0 s                 ; 2.32 V                       ; 3.96e-05 V                   ; 2.38 V              ; -0.0306 V           ; 0.23 V                               ; 0.206 V                              ; 4.83e-10 s                  ; 5.01e-10 s                  ; No                         ; Yes                        ; 2.32 V                      ; 3.96e-05 V                  ; 2.38 V             ; -0.0306 V          ; 0.23 V                              ; 0.206 V                             ; 4.83e-10 s                 ; 5.01e-10 s                 ; No                        ; Yes                       ;
; HEX1[5]             ; 2.5 V        ; 0 s                 ; 0 s                 ; 2.32 V                       ; 3.96e-05 V                   ; 2.38 V              ; -0.0306 V           ; 0.23 V                               ; 0.206 V                              ; 4.83e-10 s                  ; 5.01e-10 s                  ; No                         ; Yes                        ; 2.32 V                      ; 3.96e-05 V                  ; 2.38 V             ; -0.0306 V          ; 0.23 V                              ; 0.206 V                             ; 4.83e-10 s                 ; 5.01e-10 s                 ; No                        ; Yes                       ;
; HEX1[6]             ; 2.5 V        ; 0 s                 ; 0 s                 ; 2.32 V                       ; 3.96e-05 V                   ; 2.38 V              ; -0.0306 V           ; 0.23 V                               ; 0.206 V                              ; 4.83e-10 s                  ; 5.01e-10 s                  ; No                         ; Yes                        ; 2.32 V                      ; 3.96e-05 V                  ; 2.38 V             ; -0.0306 V          ; 0.23 V                              ; 0.206 V                             ; 4.83e-10 s                 ; 5.01e-10 s                 ; No                        ; Yes                       ;
; HEX2[0]             ; 2.5 V        ; 0 s                 ; 0 s                 ; 2.32 V                       ; 3.96e-05 V                   ; 2.38 V              ; -0.0306 V           ; 0.23 V                               ; 0.206 V                              ; 4.83e-10 s                  ; 5.01e-10 s                  ; No                         ; Yes                        ; 2.32 V                      ; 3.96e-05 V                  ; 2.38 V             ; -0.0306 V          ; 0.23 V                              ; 0.206 V                             ; 4.83e-10 s                 ; 5.01e-10 s                 ; No                        ; Yes                       ;
; HEX2[1]             ; 2.5 V        ; 0 s                 ; 0 s                 ; 2.32 V                       ; 3.49e-05 V                   ; 2.34 V              ; -0.0118 V           ; 0.182 V                              ; 0.051 V                              ; 4.81e-10 s                  ; 4.83e-10 s                  ; Yes                        ; Yes                        ; 2.32 V                      ; 3.49e-05 V                  ; 2.34 V             ; -0.0118 V          ; 0.182 V                             ; 0.051 V                             ; 4.81e-10 s                 ; 4.83e-10 s                 ; Yes                       ; Yes                       ;
; HEX2[2]             ; 2.5 V        ; 0 s                 ; 0 s                 ; 2.32 V                       ; 3.49e-05 V                   ; 2.34 V              ; -0.0118 V           ; 0.182 V                              ; 0.051 V                              ; 4.81e-10 s                  ; 4.83e-10 s                  ; Yes                        ; Yes                        ; 2.32 V                      ; 3.49e-05 V                  ; 2.34 V             ; -0.0118 V          ; 0.182 V                             ; 0.051 V                             ; 4.81e-10 s                 ; 4.83e-10 s                 ; Yes                       ; Yes                       ;
; HEX2[3]             ; 2.5 V        ; 0 s                 ; 0 s                 ; 2.32 V                       ; 3.96e-05 V                   ; 2.38 V              ; -0.0306 V           ; 0.23 V                               ; 0.206 V                              ; 4.83e-10 s                  ; 5.01e-10 s                  ; No                         ; Yes                        ; 2.32 V                      ; 3.96e-05 V                  ; 2.38 V             ; -0.0306 V          ; 0.23 V                              ; 0.206 V                             ; 4.83e-10 s                 ; 5.01e-10 s                 ; No                        ; Yes                       ;
; HEX2[4]             ; 2.5 V        ; 0 s                 ; 0 s                 ; 2.32 V                       ; 3.96e-05 V                   ; 2.38 V              ; -0.0306 V           ; 0.23 V                               ; 0.206 V                              ; 4.83e-10 s                  ; 5.01e-10 s                  ; No                         ; Yes                        ; 2.32 V                      ; 3.96e-05 V                  ; 2.38 V             ; -0.0306 V          ; 0.23 V                              ; 0.206 V                             ; 4.83e-10 s                 ; 5.01e-10 s                 ; No                        ; Yes                       ;
; HEX2[5]             ; 2.5 V        ; 0 s                 ; 0 s                 ; 2.32 V                       ; 3.49e-05 V                   ; 2.34 V              ; -0.0118 V           ; 0.182 V                              ; 0.051 V                              ; 4.81e-10 s                  ; 4.83e-10 s                  ; Yes                        ; Yes                        ; 2.32 V                      ; 3.49e-05 V                  ; 2.34 V             ; -0.0118 V          ; 0.182 V                             ; 0.051 V                             ; 4.81e-10 s                 ; 4.83e-10 s                 ; Yes                       ; Yes                       ;
; HEX2[6]             ; 2.5 V        ; 0 s                 ; 0 s                 ; 2.32 V                       ; 3.49e-05 V                   ; 2.34 V              ; -0.0118 V           ; 0.182 V                              ; 0.051 V                              ; 4.81e-10 s                  ; 4.83e-10 s                  ; Yes                        ; Yes                        ; 2.32 V                      ; 3.49e-05 V                  ; 2.34 V             ; -0.0118 V          ; 0.182 V                             ; 0.051 V                             ; 4.81e-10 s                 ; 4.83e-10 s                 ; Yes                       ; Yes                       ;
; GPIO[1]             ; 2.5 V        ; 0 s                 ; 0 s                 ; 2.32 V                       ; 3.88e-05 V                   ; 2.39 V              ; -0.0374 V           ; 0.189 V                              ; 0.158 V                              ; 4.66e-10 s                  ; 4.67e-10 s                  ; No                         ; Yes                        ; 2.32 V                      ; 3.88e-05 V                  ; 2.39 V             ; -0.0374 V          ; 0.189 V                             ; 0.158 V                             ; 4.66e-10 s                 ; 4.67e-10 s                 ; No                        ; Yes                       ;
; GPIO[3]             ; 2.5 V        ; 0 s                 ; 0 s                 ; 2.32 V                       ; 3.88e-05 V                   ; 2.39 V              ; -0.037 V            ; 0.188 V                              ; 0.158 V                              ; 4.67e-10 s                  ; 4.67e-10 s                  ; No                         ; Yes                        ; 2.32 V                      ; 3.88e-05 V                  ; 2.39 V             ; -0.037 V           ; 0.188 V                             ; 0.158 V                             ; 4.67e-10 s                 ; 4.67e-10 s                 ; No                        ; Yes                       ;
; GPIO[5]             ; 2.5 V        ; 0 s                 ; 0 s                 ; 2.32 V                       ; 3.49e-05 V                   ; 2.34 V              ; -0.0118 V           ; 0.182 V                              ; 0.051 V                              ; 4.81e-10 s                  ; 4.83e-10 s                  ; Yes                        ; Yes                        ; 2.32 V                      ; 3.49e-05 V                  ; 2.34 V             ; -0.0118 V          ; 0.182 V                             ; 0.051 V                             ; 4.81e-10 s                 ; 4.83e-10 s                 ; Yes                       ; Yes                       ;
; GPIO[7]             ; 2.5 V        ; 0 s                 ; 0 s                 ; 2.32 V                       ; 3.88e-05 V                   ; 2.39 V              ; -0.037 V            ; 0.188 V                              ; 0.158 V                              ; 4.67e-10 s                  ; 4.67e-10 s                  ; No                         ; Yes                        ; 2.32 V                      ; 3.88e-05 V                  ; 2.39 V             ; -0.037 V           ; 0.188 V                             ; 0.158 V                             ; 4.67e-10 s                 ; 4.67e-10 s                 ; No                        ; Yes                       ;
; GPIO[8]             ; 2.5 V        ; 0 s                 ; 0 s                 ; 2.32 V                       ; 3.88e-05 V                   ; 2.39 V              ; -0.037 V            ; 0.188 V                              ; 0.158 V                              ; 4.67e-10 s                  ; 4.67e-10 s                  ; No                         ; Yes                        ; 2.32 V                      ; 3.88e-05 V                  ; 2.39 V             ; -0.037 V           ; 0.188 V                             ; 0.158 V                             ; 4.67e-10 s                 ; 4.67e-10 s                 ; No                        ; Yes                       ;
; GPIO[9]             ; 2.5 V        ; 0 s                 ; 0 s                 ; 2.32 V                       ; 3.88e-05 V                   ; 2.39 V              ; -0.037 V            ; 0.188 V                              ; 0.158 V                              ; 4.67e-10 s                  ; 4.67e-10 s                  ; No                         ; Yes                        ; 2.32 V                      ; 3.88e-05 V                  ; 2.39 V             ; -0.037 V           ; 0.188 V                             ; 0.158 V                             ; 4.67e-10 s                 ; 4.67e-10 s                 ; No                        ; Yes                       ;
; GPIO[10]            ; 2.5 V        ; 0 s                 ; 0 s                 ; 2.32 V                       ; 3.96e-05 V                   ; 2.38 V              ; -0.0306 V           ; 0.23 V                               ; 0.206 V                              ; 4.83e-10 s                  ; 5.01e-10 s                  ; No                         ; Yes                        ; 2.32 V                      ; 3.96e-05 V                  ; 2.38 V             ; -0.0306 V          ; 0.23 V                              ; 0.206 V                             ; 4.83e-10 s                 ; 5.01e-10 s                 ; No                        ; Yes                       ;
; GPIO[11]            ; 2.5 V        ; 0 s                 ; 0 s                 ; 2.32 V                       ; 3.88e-05 V                   ; 2.39 V              ; -0.0374 V           ; 0.189 V                              ; 0.158 V                              ; 4.66e-10 s                  ; 4.67e-10 s                  ; No                         ; Yes                        ; 2.32 V                      ; 3.88e-05 V                  ; 2.39 V             ; -0.0374 V          ; 0.189 V                             ; 0.158 V                             ; 4.66e-10 s                 ; 4.67e-10 s                 ; No                        ; Yes                       ;
; GPIO[12]            ; 2.5 V        ; 0 s                 ; 0 s                 ; 2.32 V                       ; 3.88e-05 V                   ; 2.39 V              ; -0.0374 V           ; 0.189 V                              ; 0.158 V                              ; 4.66e-10 s                  ; 4.67e-10 s                  ; No                         ; Yes                        ; 2.32 V                      ; 3.88e-05 V                  ; 2.39 V             ; -0.0374 V          ; 0.189 V                             ; 0.158 V                             ; 4.66e-10 s                 ; 4.67e-10 s                 ; No                        ; Yes                       ;
; GPIO[13]            ; 2.5 V        ; 0 s                 ; 0 s                 ; 2.32 V                       ; 3.88e-05 V                   ; 2.39 V              ; -0.0374 V           ; 0.189 V                              ; 0.158 V                              ; 4.66e-10 s                  ; 4.67e-10 s                  ; No                         ; Yes                        ; 2.32 V                      ; 3.88e-05 V                  ; 2.39 V             ; -0.0374 V          ; 0.189 V                             ; 0.158 V                             ; 4.66e-10 s                 ; 4.67e-10 s                 ; No                        ; Yes                       ;
; GPIO[14]            ; 2.5 V        ; 0 s                 ; 0 s                 ; 2.32 V                       ; 3.88e-05 V                   ; 2.39 V              ; -0.037 V            ; 0.188 V                              ; 0.158 V                              ; 4.67e-10 s                  ; 4.67e-10 s                  ; No                         ; Yes                        ; 2.32 V                      ; 3.88e-05 V                  ; 2.39 V             ; -0.037 V           ; 0.188 V                             ; 0.158 V                             ; 4.67e-10 s                 ; 4.67e-10 s                 ; No                        ; Yes                       ;
; GPIO[15]            ; 2.5 V        ; 0 s                 ; 0 s                 ; 2.32 V                       ; 3.88e-05 V                   ; 2.39 V              ; -0.037 V            ; 0.188 V                              ; 0.158 V                              ; 4.67e-10 s                  ; 4.67e-10 s                  ; No                         ; Yes                        ; 2.32 V                      ; 3.88e-05 V                  ; 2.39 V             ; -0.037 V           ; 0.188 V                             ; 0.158 V                             ; 4.67e-10 s                 ; 4.67e-10 s                 ; No                        ; Yes                       ;
; GPIO[16]            ; 2.5 V        ; 0 s                 ; 0 s                 ; 2.32 V                       ; 3.88e-05 V                   ; 2.39 V              ; -0.037 V            ; 0.188 V                              ; 0.158 V                              ; 4.67e-10 s                  ; 4.67e-10 s                  ; No                         ; Yes                        ; 2.32 V                      ; 3.88e-05 V                  ; 2.39 V             ; -0.037 V           ; 0.188 V                             ; 0.158 V                             ; 4.67e-10 s                 ; 4.67e-10 s                 ; No                        ; Yes                       ;
; GPIO[17]            ; 2.5 V        ; 0 s                 ; 0 s                 ; 2.32 V                       ; 3.96e-05 V                   ; 2.38 V              ; -0.0306 V           ; 0.23 V                               ; 0.206 V                              ; 4.83e-10 s                  ; 5.01e-10 s                  ; No                         ; Yes                        ; 2.32 V                      ; 3.96e-05 V                  ; 2.38 V             ; -0.0306 V          ; 0.23 V                              ; 0.206 V                             ; 4.83e-10 s                 ; 5.01e-10 s                 ; No                        ; Yes                       ;
; GPIO[18]            ; 2.5 V        ; 0 s                 ; 0 s                 ; 2.32 V                       ; 3.49e-05 V                   ; 2.34 V              ; -0.0118 V           ; 0.182 V                              ; 0.051 V                              ; 4.81e-10 s                  ; 4.83e-10 s                  ; Yes                        ; Yes                        ; 2.32 V                      ; 3.49e-05 V                  ; 2.34 V             ; -0.0118 V          ; 0.182 V                             ; 0.051 V                             ; 4.81e-10 s                 ; 4.83e-10 s                 ; Yes                       ; Yes                       ;
; GPIO[19]            ; 2.5 V        ; 0 s                 ; 0 s                 ; 2.32 V                       ; 3.88e-05 V                   ; 2.39 V              ; -0.0374 V           ; 0.189 V                              ; 0.158 V                              ; 4.66e-10 s                  ; 4.67e-10 s                  ; No                         ; Yes                        ; 2.32 V                      ; 3.88e-05 V                  ; 2.39 V             ; -0.0374 V          ; 0.189 V                             ; 0.158 V                             ; 4.66e-10 s                 ; 4.67e-10 s                 ; No                        ; Yes                       ;
; GPIO[20]            ; 2.5 V        ; 0 s                 ; 0 s                 ; 2.32 V                       ; 3.88e-05 V                   ; 2.39 V              ; -0.0374 V           ; 0.189 V                              ; 0.158 V                              ; 4.66e-10 s                  ; 4.67e-10 s                  ; No                         ; Yes                        ; 2.32 V                      ; 3.88e-05 V                  ; 2.39 V             ; -0.0374 V          ; 0.189 V                             ; 0.158 V                             ; 4.66e-10 s                 ; 4.67e-10 s                 ; No                        ; Yes                       ;
; GPIO[21]            ; 2.5 V        ; 0 s                 ; 0 s                 ; 2.32 V                       ; 3.88e-05 V                   ; 2.39 V              ; -0.0374 V           ; 0.189 V                              ; 0.158 V                              ; 4.66e-10 s                  ; 4.67e-10 s                  ; No                         ; Yes                        ; 2.32 V                      ; 3.88e-05 V                  ; 2.39 V             ; -0.0374 V          ; 0.189 V                             ; 0.158 V                             ; 4.66e-10 s                 ; 4.67e-10 s                 ; No                        ; Yes                       ;
; GPIO[22]            ; 2.5 V        ; 0 s                 ; 0 s                 ; 2.32 V                       ; 3.88e-05 V                   ; 2.39 V              ; -0.037 V            ; 0.188 V                              ; 0.158 V                              ; 4.67e-10 s                  ; 4.67e-10 s                  ; No                         ; Yes                        ; 2.32 V                      ; 3.88e-05 V                  ; 2.39 V             ; -0.037 V           ; 0.188 V                             ; 0.158 V                             ; 4.67e-10 s                 ; 4.67e-10 s                 ; No                        ; Yes                       ;
; GPIO[23]            ; 2.5 V        ; 0 s                 ; 0 s                 ; 2.32 V                       ; 3.49e-05 V                   ; 2.34 V              ; -0.0118 V           ; 0.182 V                              ; 0.051 V                              ; 4.81e-10 s                  ; 4.83e-10 s                  ; Yes                        ; Yes                        ; 2.32 V                      ; 3.49e-05 V                  ; 2.34 V             ; -0.0118 V          ; 0.182 V                             ; 0.051 V                             ; 4.81e-10 s                 ; 4.83e-10 s                 ; Yes                       ; Yes                       ;
; GPIO[24]            ; 2.5 V        ; 0 s                 ; 0 s                 ; 2.32 V                       ; 3.88e-05 V                   ; 2.39 V              ; -0.037 V            ; 0.188 V                              ; 0.158 V                              ; 4.67e-10 s                  ; 4.67e-10 s                  ; No                         ; Yes                        ; 2.32 V                      ; 3.88e-05 V                  ; 2.39 V             ; -0.037 V           ; 0.188 V                             ; 0.158 V                             ; 4.67e-10 s                 ; 4.67e-10 s                 ; No                        ; Yes                       ;
; GPIO[25]            ; 2.5 V        ; 0 s                 ; 0 s                 ; 2.32 V                       ; 3.88e-05 V                   ; 2.39 V              ; -0.0374 V           ; 0.189 V                              ; 0.158 V                              ; 4.66e-10 s                  ; 4.67e-10 s                  ; No                         ; Yes                        ; 2.32 V                      ; 3.88e-05 V                  ; 2.39 V             ; -0.0374 V          ; 0.189 V                             ; 0.158 V                             ; 4.66e-10 s                 ; 4.67e-10 s                 ; No                        ; Yes                       ;
; GPIO[26]            ; 2.5 V        ; 0 s                 ; 0 s                 ; 2.32 V                       ; 3.49e-05 V                   ; 2.34 V              ; -0.0118 V           ; 0.182 V                              ; 0.051 V                              ; 4.81e-10 s                  ; 4.83e-10 s                  ; Yes                        ; Yes                        ; 2.32 V                      ; 3.49e-05 V                  ; 2.34 V             ; -0.0118 V          ; 0.182 V                             ; 0.051 V                             ; 4.81e-10 s                 ; 4.83e-10 s                 ; Yes                       ; Yes                       ;
; GPIO[27]            ; 2.5 V        ; 0 s                 ; 0 s                 ; 2.32 V                       ; 3.96e-05 V                   ; 2.38 V              ; -0.0306 V           ; 0.23 V                               ; 0.206 V                              ; 4.83e-10 s                  ; 5.01e-10 s                  ; No                         ; Yes                        ; 2.32 V                      ; 3.96e-05 V                  ; 2.38 V             ; -0.0306 V          ; 0.23 V                              ; 0.206 V                             ; 4.83e-10 s                 ; 5.01e-10 s                 ; No                        ; Yes                       ;
; GPIO[28]            ; 2.5 V        ; 0 s                 ; 0 s                 ; 2.32 V                       ; 3.88e-05 V                   ; 2.39 V              ; -0.0374 V           ; 0.189 V                              ; 0.158 V                              ; 4.66e-10 s                  ; 4.67e-10 s                  ; No                         ; Yes                        ; 2.32 V                      ; 3.88e-05 V                  ; 2.39 V             ; -0.0374 V          ; 0.189 V                             ; 0.158 V                             ; 4.66e-10 s                 ; 4.67e-10 s                 ; No                        ; Yes                       ;
; GPIO[29]            ; 2.5 V        ; 0 s                 ; 0 s                 ; 2.32 V                       ; 3.49e-05 V                   ; 2.34 V              ; -0.0118 V           ; 0.182 V                              ; 0.051 V                              ; 4.81e-10 s                  ; 4.83e-10 s                  ; Yes                        ; Yes                        ; 2.32 V                      ; 3.49e-05 V                  ; 2.34 V             ; -0.0118 V          ; 0.182 V                             ; 0.051 V                             ; 4.81e-10 s                 ; 4.83e-10 s                 ; Yes                       ; Yes                       ;
; GPIO[30]            ; 2.5 V        ; 0 s                 ; 0 s                 ; 2.32 V                       ; 3.96e-05 V                   ; 2.38 V              ; -0.0306 V           ; 0.23 V                               ; 0.206 V                              ; 4.83e-10 s                  ; 5.01e-10 s                  ; No                         ; Yes                        ; 2.32 V                      ; 3.96e-05 V                  ; 2.38 V             ; -0.0306 V          ; 0.23 V                              ; 0.206 V                             ; 4.83e-10 s                 ; 5.01e-10 s                 ; No                        ; Yes                       ;
; GPIO[31]            ; 2.5 V        ; 0 s                 ; 0 s                 ; 2.32 V                       ; 3.49e-05 V                   ; 2.34 V              ; -0.0118 V           ; 0.182 V                              ; 0.051 V                              ; 4.81e-10 s                  ; 4.83e-10 s                  ; Yes                        ; Yes                        ; 2.32 V                      ; 3.49e-05 V                  ; 2.34 V             ; -0.0118 V          ; 0.182 V                             ; 0.051 V                             ; 4.81e-10 s                 ; 4.83e-10 s                 ; Yes                       ; Yes                       ;
; GPIO[32]            ; 2.5 V        ; 0 s                 ; 0 s                 ; 2.32 V                       ; 3.96e-05 V                   ; 2.38 V              ; -0.0306 V           ; 0.23 V                               ; 0.206 V                              ; 4.83e-10 s                  ; 5.01e-10 s                  ; No                         ; Yes                        ; 2.32 V                      ; 3.96e-05 V                  ; 2.38 V             ; -0.0306 V          ; 0.23 V                              ; 0.206 V                             ; 4.83e-10 s                 ; 5.01e-10 s                 ; No                        ; Yes                       ;
; GPIO[33]            ; 2.5 V        ; 0 s                 ; 0 s                 ; 2.32 V                       ; 3.96e-05 V                   ; 2.38 V              ; -0.0306 V           ; 0.23 V                               ; 0.206 V                              ; 4.83e-10 s                  ; 5.01e-10 s                  ; No                         ; Yes                        ; 2.32 V                      ; 3.96e-05 V                  ; 2.38 V             ; -0.0306 V          ; 0.23 V                              ; 0.206 V                             ; 4.83e-10 s                 ; 5.01e-10 s                 ; No                        ; Yes                       ;
; GPIO[34]            ; 2.5 V        ; 0 s                 ; 0 s                 ; 2.32 V                       ; 3.49e-05 V                   ; 2.34 V              ; -0.0118 V           ; 0.182 V                              ; 0.051 V                              ; 4.81e-10 s                  ; 4.83e-10 s                  ; Yes                        ; Yes                        ; 2.32 V                      ; 3.49e-05 V                  ; 2.34 V             ; -0.0118 V          ; 0.182 V                             ; 0.051 V                             ; 4.81e-10 s                 ; 4.83e-10 s                 ; Yes                       ; Yes                       ;
; GPIO[35]            ; 2.5 V        ; 0 s                 ; 0 s                 ; 2.32 V                       ; 3.96e-05 V                   ; 2.38 V              ; -0.0306 V           ; 0.23 V                               ; 0.206 V                              ; 4.83e-10 s                  ; 5.01e-10 s                  ; No                         ; Yes                        ; 2.32 V                      ; 3.96e-05 V                  ; 2.38 V             ; -0.0306 V          ; 0.23 V                              ; 0.206 V                             ; 4.83e-10 s                 ; 5.01e-10 s                 ; No                        ; Yes                       ;
; GPIO[0]             ; 2.5 V        ; 0 s                 ; 0 s                 ; 2.32 V                       ; 3.96e-05 V                   ; 2.38 V              ; -0.0306 V           ; 0.23 V                               ; 0.206 V                              ; 4.83e-10 s                  ; 5.01e-10 s                  ; No                         ; Yes                        ; 2.32 V                      ; 3.96e-05 V                  ; 2.38 V             ; -0.0306 V          ; 0.23 V                              ; 0.206 V                             ; 4.83e-10 s                 ; 5.01e-10 s                 ; No                        ; Yes                       ;
; GPIO[2]             ; 2.5 V        ; 0 s                 ; 0 s                 ; 2.32 V                       ; 3.49e-05 V                   ; 2.34 V              ; -0.0118 V           ; 0.182 V                              ; 0.051 V                              ; 4.81e-10 s                  ; 4.83e-10 s                  ; Yes                        ; Yes                        ; 2.32 V                      ; 3.49e-05 V                  ; 2.34 V             ; -0.0118 V          ; 0.182 V                             ; 0.051 V                             ; 4.81e-10 s                 ; 4.83e-10 s                 ; Yes                       ; Yes                       ;
; GPIO[4]             ; 2.5 V        ; 0 s                 ; 0 s                 ; 2.32 V                       ; 3.96e-05 V                   ; 2.38 V              ; -0.0306 V           ; 0.23 V                               ; 0.206 V                              ; 4.83e-10 s                  ; 5.01e-10 s                  ; No                         ; Yes                        ; 2.32 V                      ; 3.96e-05 V                  ; 2.38 V             ; -0.0306 V          ; 0.23 V                              ; 0.206 V                             ; 4.83e-10 s                 ; 5.01e-10 s                 ; No                        ; Yes                       ;
; GPIO[6]             ; 2.5 V        ; 0 s                 ; 0 s                 ; 2.32 V                       ; 3.49e-05 V                   ; 2.34 V              ; -0.0118 V           ; 0.182 V                              ; 0.051 V                              ; 4.81e-10 s                  ; 4.83e-10 s                  ; Yes                        ; Yes                        ; 2.32 V                      ; 3.49e-05 V                  ; 2.34 V             ; -0.0118 V          ; 0.182 V                             ; 0.051 V                             ; 4.81e-10 s                 ; 4.83e-10 s                 ; Yes                       ; Yes                       ;
; altera_reserved_tdo ; 2.5 V        ; 0 s                 ; 0 s                 ; 2.32 V                       ; 3.5e-05 V                    ; 2.37 V              ; -0.0421 V           ; 0.168 V                              ; 0.143 V                              ; 4.71e-10 s                  ; 4.57e-10 s                  ; No                         ; Yes                        ; 2.32 V                      ; 3.5e-05 V                   ; 2.37 V             ; -0.0421 V          ; 0.168 V                             ; 0.143 V                             ; 4.71e-10 s                 ; 4.57e-10 s                 ; No                        ; Yes                       ;
+---------------------+--------------+---------------------+---------------------+------------------------------+------------------------------+---------------------+---------------------+--------------------------------------+--------------------------------------+-----------------------------+-----------------------------+----------------------------+----------------------------+-----------------------------+-----------------------------+--------------------+--------------------+-------------------------------------+-------------------------------------+----------------------------+----------------------------+---------------------------+---------------------------+


+--------------------------------------------------------------------------------------------------------------------------------------------------------------------------------------------------------------------------------------------------------------------------------------------------------------------------------------------------------------------------------------------------------------------------------------------------------------------------------------------------------------------------------------------------------------------------------------------------------------------------------------------------------------------------------------------------+
; Signal Integrity Metrics (Fast 1100mv 0c Model)                                                                                                                                                                                                                                                                                                                                                                                                                                                                                                                                                                                                                                                  ;
+---------------------+--------------+---------------------+---------------------+------------------------------+------------------------------+---------------------+---------------------+--------------------------------------+--------------------------------------+-----------------------------+-----------------------------+----------------------------+----------------------------+-----------------------------+-----------------------------+--------------------+--------------------+-------------------------------------+-------------------------------------+----------------------------+----------------------------+---------------------------+---------------------------+
; Pin                 ; I/O Standard ; Board Delay on Rise ; Board Delay on Fall ; Steady State Voh at FPGA Pin ; Steady State Vol at FPGA Pin ; Voh Max at FPGA Pin ; Vol Min at FPGA Pin ; Ringback Voltage on Rise at FPGA Pin ; Ringback Voltage on Fall at FPGA Pin ; 10-90 Rise Time at FPGA Pin ; 90-10 Fall Time at FPGA Pin ; Monotonic Rise at FPGA Pin ; Monotonic Fall at FPGA Pin ; Steady State Voh at Far-end ; Steady State Vol at Far-end ; Voh Max at Far-end ; Vol Min at Far-end ; Ringback Voltage on Rise at Far-end ; Ringback Voltage on Fall at Far-end ; 10-90 Rise Time at Far-end ; 90-10 Fall Time at Far-end ; Monotonic Rise at Far-end ; Monotonic Fall at Far-end ;
+---------------------+--------------+---------------------+---------------------+------------------------------+------------------------------+---------------------+---------------------+--------------------------------------+--------------------------------------+-----------------------------+-----------------------------+----------------------------+----------------------------+-----------------------------+-----------------------------+--------------------+--------------------+-------------------------------------+-------------------------------------+----------------------------+----------------------------+---------------------------+---------------------------+
; HEX0[0]             ; 2.5 V        ; 0 s                 ; 0 s                 ; 2.75 V                       ; 3.54e-06 V                   ; 2.81 V              ; -0.0578 V           ; 0.303 V                              ; 0.28 V                               ; 2.93e-10 s                  ; 3.01e-10 s                  ; No                         ; No                         ; 2.75 V                      ; 3.54e-06 V                  ; 2.81 V             ; -0.0578 V          ; 0.303 V                             ; 0.28 V                              ; 2.93e-10 s                 ; 3.01e-10 s                 ; No                        ; No                        ;
; HEX0[1]             ; 2.5 V        ; 0 s                 ; 0 s                 ; 2.75 V                       ; 4.25e-06 V                   ; 2.9 V               ; -0.107 V            ; 0.378 V                              ; 0.16 V                               ; 2.87e-10 s                  ; 4.28e-10 s                  ; No                         ; No                         ; 2.75 V                      ; 4.25e-06 V                  ; 2.9 V              ; -0.107 V           ; 0.378 V                             ; 0.16 V                              ; 2.87e-10 s                 ; 4.28e-10 s                 ; No                        ; No                        ;
; HEX0[2]             ; 2.5 V        ; 0 s                 ; 0 s                 ; 2.75 V                       ; 4.14e-06 V                   ; 2.91 V              ; -0.121 V            ; 0.326 V                              ; 0.297 V                              ; 2.74e-10 s                  ; 2.8e-10 s                   ; No                         ; No                         ; 2.75 V                      ; 4.14e-06 V                  ; 2.91 V             ; -0.121 V           ; 0.326 V                             ; 0.297 V                             ; 2.74e-10 s                 ; 2.8e-10 s                  ; No                        ; No                        ;
; HEX0[3]             ; 2.5 V        ; 0 s                 ; 0 s                 ; 2.75 V                       ; 4.14e-06 V                   ; 2.91 V              ; -0.119 V            ; 0.326 V                              ; 0.298 V                              ; 2.74e-10 s                  ; 2.8e-10 s                   ; No                         ; No                         ; 2.75 V                      ; 4.14e-06 V                  ; 2.91 V             ; -0.119 V           ; 0.326 V                             ; 0.298 V                             ; 2.74e-10 s                 ; 2.8e-10 s                  ; No                        ; No                        ;
; HEX0[4]             ; 2.5 V        ; 0 s                 ; 0 s                 ; 2.75 V                       ; 4.14e-06 V                   ; 2.91 V              ; -0.119 V            ; 0.326 V                              ; 0.298 V                              ; 2.74e-10 s                  ; 2.8e-10 s                   ; No                         ; No                         ; 2.75 V                      ; 4.14e-06 V                  ; 2.91 V             ; -0.119 V           ; 0.326 V                             ; 0.298 V                             ; 2.74e-10 s                 ; 2.8e-10 s                  ; No                        ; No                        ;
; HEX0[5]             ; 2.5 V        ; 0 s                 ; 0 s                 ; 2.75 V                       ; 4.14e-06 V                   ; 2.91 V              ; -0.119 V            ; 0.326 V                              ; 0.298 V                              ; 2.74e-10 s                  ; 2.8e-10 s                   ; No                         ; No                         ; 2.75 V                      ; 4.14e-06 V                  ; 2.91 V             ; -0.119 V           ; 0.326 V                             ; 0.298 V                             ; 2.74e-10 s                 ; 2.8e-10 s                  ; No                        ; No                        ;
; HEX0[6]             ; 2.5 V        ; 0 s                 ; 0 s                 ; 2.75 V                       ; 4.14e-06 V                   ; 2.91 V              ; -0.121 V            ; 0.326 V                              ; 0.297 V                              ; 2.74e-10 s                  ; 2.8e-10 s                   ; No                         ; No                         ; 2.75 V                      ; 4.14e-06 V                  ; 2.91 V             ; -0.121 V           ; 0.326 V                             ; 0.297 V                             ; 2.74e-10 s                 ; 2.8e-10 s                  ; No                        ; No                        ;
; HEX1[0]             ; 2.5 V        ; 0 s                 ; 0 s                 ; 2.75 V                       ; 4.14e-06 V                   ; 2.91 V              ; -0.121 V            ; 0.326 V                              ; 0.297 V                              ; 2.74e-10 s                  ; 2.8e-10 s                   ; No                         ; No                         ; 2.75 V                      ; 4.14e-06 V                  ; 2.91 V             ; -0.121 V           ; 0.326 V                             ; 0.297 V                             ; 2.74e-10 s                 ; 2.8e-10 s                  ; No                        ; No                        ;
; HEX1[1]             ; 2.5 V        ; 0 s                 ; 0 s                 ; 2.75 V                       ; 4.25e-06 V                   ; 2.9 V               ; -0.107 V            ; 0.378 V                              ; 0.16 V                               ; 2.87e-10 s                  ; 4.28e-10 s                  ; No                         ; No                         ; 2.75 V                      ; 4.25e-06 V                  ; 2.9 V              ; -0.107 V           ; 0.378 V                             ; 0.16 V                              ; 2.87e-10 s                 ; 4.28e-10 s                 ; No                        ; No                        ;
; HEX1[2]             ; 2.5 V        ; 0 s                 ; 0 s                 ; 2.75 V                       ; 4.14e-06 V                   ; 2.91 V              ; -0.119 V            ; 0.326 V                              ; 0.298 V                              ; 2.74e-10 s                  ; 2.8e-10 s                   ; No                         ; No                         ; 2.75 V                      ; 4.14e-06 V                  ; 2.91 V             ; -0.119 V           ; 0.326 V                             ; 0.298 V                             ; 2.74e-10 s                 ; 2.8e-10 s                  ; No                        ; No                        ;
; HEX1[3]             ; 2.5 V        ; 0 s                 ; 0 s                 ; 2.75 V                       ; 3.54e-06 V                   ; 2.81 V              ; -0.0578 V           ; 0.303 V                              ; 0.28 V                               ; 2.93e-10 s                  ; 3.01e-10 s                  ; No                         ; No                         ; 2.75 V                      ; 3.54e-06 V                  ; 2.81 V             ; -0.0578 V          ; 0.303 V                             ; 0.28 V                              ; 2.93e-10 s                 ; 3.01e-10 s                 ; No                        ; No                        ;
; HEX1[4]             ; 2.5 V        ; 0 s                 ; 0 s                 ; 2.75 V                       ; 4.25e-06 V                   ; 2.9 V               ; -0.107 V            ; 0.378 V                              ; 0.16 V                               ; 2.87e-10 s                  ; 4.28e-10 s                  ; No                         ; No                         ; 2.75 V                      ; 4.25e-06 V                  ; 2.9 V              ; -0.107 V           ; 0.378 V                             ; 0.16 V                              ; 2.87e-10 s                 ; 4.28e-10 s                 ; No                        ; No                        ;
; HEX1[5]             ; 2.5 V        ; 0 s                 ; 0 s                 ; 2.75 V                       ; 4.25e-06 V                   ; 2.9 V               ; -0.107 V            ; 0.378 V                              ; 0.16 V                               ; 2.87e-10 s                  ; 4.28e-10 s                  ; No                         ; No                         ; 2.75 V                      ; 4.25e-06 V                  ; 2.9 V              ; -0.107 V           ; 0.378 V                             ; 0.16 V                              ; 2.87e-10 s                 ; 4.28e-10 s                 ; No                        ; No                        ;
; HEX1[6]             ; 2.5 V        ; 0 s                 ; 0 s                 ; 2.75 V                       ; 4.25e-06 V                   ; 2.9 V               ; -0.107 V            ; 0.378 V                              ; 0.16 V                               ; 2.87e-10 s                  ; 4.28e-10 s                  ; No                         ; No                         ; 2.75 V                      ; 4.25e-06 V                  ; 2.9 V              ; -0.107 V           ; 0.378 V                             ; 0.16 V                              ; 2.87e-10 s                 ; 4.28e-10 s                 ; No                        ; No                        ;
; HEX2[0]             ; 2.5 V        ; 0 s                 ; 0 s                 ; 2.75 V                       ; 4.25e-06 V                   ; 2.9 V               ; -0.107 V            ; 0.378 V                              ; 0.16 V                               ; 2.87e-10 s                  ; 4.28e-10 s                  ; No                         ; No                         ; 2.75 V                      ; 4.25e-06 V                  ; 2.9 V              ; -0.107 V           ; 0.378 V                             ; 0.16 V                              ; 2.87e-10 s                 ; 4.28e-10 s                 ; No                        ; No                        ;
; HEX2[1]             ; 2.5 V        ; 0 s                 ; 0 s                 ; 2.75 V                       ; 3.54e-06 V                   ; 2.81 V              ; -0.0578 V           ; 0.303 V                              ; 0.28 V                               ; 2.93e-10 s                  ; 3.01e-10 s                  ; No                         ; No                         ; 2.75 V                      ; 3.54e-06 V                  ; 2.81 V             ; -0.0578 V          ; 0.303 V                             ; 0.28 V                              ; 2.93e-10 s                 ; 3.01e-10 s                 ; No                        ; No                        ;
; HEX2[2]             ; 2.5 V        ; 0 s                 ; 0 s                 ; 2.75 V                       ; 3.54e-06 V                   ; 2.81 V              ; -0.0578 V           ; 0.303 V                              ; 0.28 V                               ; 2.93e-10 s                  ; 3.01e-10 s                  ; No                         ; No                         ; 2.75 V                      ; 3.54e-06 V                  ; 2.81 V             ; -0.0578 V          ; 0.303 V                             ; 0.28 V                              ; 2.93e-10 s                 ; 3.01e-10 s                 ; No                        ; No                        ;
; HEX2[3]             ; 2.5 V        ; 0 s                 ; 0 s                 ; 2.75 V                       ; 4.25e-06 V                   ; 2.9 V               ; -0.107 V            ; 0.378 V                              ; 0.16 V                               ; 2.87e-10 s                  ; 4.28e-10 s                  ; No                         ; No                         ; 2.75 V                      ; 4.25e-06 V                  ; 2.9 V              ; -0.107 V           ; 0.378 V                             ; 0.16 V                              ; 2.87e-10 s                 ; 4.28e-10 s                 ; No                        ; No                        ;
; HEX2[4]             ; 2.5 V        ; 0 s                 ; 0 s                 ; 2.75 V                       ; 4.25e-06 V                   ; 2.9 V               ; -0.107 V            ; 0.378 V                              ; 0.16 V                               ; 2.87e-10 s                  ; 4.28e-10 s                  ; No                         ; No                         ; 2.75 V                      ; 4.25e-06 V                  ; 2.9 V              ; -0.107 V           ; 0.378 V                             ; 0.16 V                              ; 2.87e-10 s                 ; 4.28e-10 s                 ; No                        ; No                        ;
; HEX2[5]             ; 2.5 V        ; 0 s                 ; 0 s                 ; 2.75 V                       ; 3.54e-06 V                   ; 2.81 V              ; -0.0578 V           ; 0.303 V                              ; 0.28 V                               ; 2.93e-10 s                  ; 3.01e-10 s                  ; No                         ; No                         ; 2.75 V                      ; 3.54e-06 V                  ; 2.81 V             ; -0.0578 V          ; 0.303 V                             ; 0.28 V                              ; 2.93e-10 s                 ; 3.01e-10 s                 ; No                        ; No                        ;
; HEX2[6]             ; 2.5 V        ; 0 s                 ; 0 s                 ; 2.75 V                       ; 3.54e-06 V                   ; 2.81 V              ; -0.0578 V           ; 0.303 V                              ; 0.28 V                               ; 2.93e-10 s                  ; 3.01e-10 s                  ; No                         ; No                         ; 2.75 V                      ; 3.54e-06 V                  ; 2.81 V             ; -0.0578 V          ; 0.303 V                             ; 0.28 V                              ; 2.93e-10 s                 ; 3.01e-10 s                 ; No                        ; No                        ;
; GPIO[1]             ; 2.5 V        ; 0 s                 ; 0 s                 ; 2.75 V                       ; 4.14e-06 V                   ; 2.91 V              ; -0.119 V            ; 0.326 V                              ; 0.298 V                              ; 2.74e-10 s                  ; 2.8e-10 s                   ; No                         ; No                         ; 2.75 V                      ; 4.14e-06 V                  ; 2.91 V             ; -0.119 V           ; 0.326 V                             ; 0.298 V                             ; 2.74e-10 s                 ; 2.8e-10 s                  ; No                        ; No                        ;
; GPIO[3]             ; 2.5 V        ; 0 s                 ; 0 s                 ; 2.75 V                       ; 4.14e-06 V                   ; 2.91 V              ; -0.121 V            ; 0.326 V                              ; 0.297 V                              ; 2.74e-10 s                  ; 2.8e-10 s                   ; No                         ; No                         ; 2.75 V                      ; 4.14e-06 V                  ; 2.91 V             ; -0.121 V           ; 0.326 V                             ; 0.297 V                             ; 2.74e-10 s                 ; 2.8e-10 s                  ; No                        ; No                        ;
; GPIO[5]             ; 2.5 V        ; 0 s                 ; 0 s                 ; 2.75 V                       ; 3.54e-06 V                   ; 2.81 V              ; -0.0578 V           ; 0.303 V                              ; 0.28 V                               ; 2.93e-10 s                  ; 3.01e-10 s                  ; No                         ; No                         ; 2.75 V                      ; 3.54e-06 V                  ; 2.81 V             ; -0.0578 V          ; 0.303 V                             ; 0.28 V                              ; 2.93e-10 s                 ; 3.01e-10 s                 ; No                        ; No                        ;
; GPIO[7]             ; 2.5 V        ; 0 s                 ; 0 s                 ; 2.75 V                       ; 4.14e-06 V                   ; 2.91 V              ; -0.121 V            ; 0.326 V                              ; 0.297 V                              ; 2.74e-10 s                  ; 2.8e-10 s                   ; No                         ; No                         ; 2.75 V                      ; 4.14e-06 V                  ; 2.91 V             ; -0.121 V           ; 0.326 V                             ; 0.297 V                             ; 2.74e-10 s                 ; 2.8e-10 s                  ; No                        ; No                        ;
; GPIO[8]             ; 2.5 V        ; 0 s                 ; 0 s                 ; 2.75 V                       ; 4.14e-06 V                   ; 2.91 V              ; -0.121 V            ; 0.326 V                              ; 0.297 V                              ; 2.74e-10 s                  ; 2.8e-10 s                   ; No                         ; No                         ; 2.75 V                      ; 4.14e-06 V                  ; 2.91 V             ; -0.121 V           ; 0.326 V                             ; 0.297 V                             ; 2.74e-10 s                 ; 2.8e-10 s                  ; No                        ; No                        ;
; GPIO[9]             ; 2.5 V        ; 0 s                 ; 0 s                 ; 2.75 V                       ; 4.14e-06 V                   ; 2.91 V              ; -0.121 V            ; 0.326 V                              ; 0.297 V                              ; 2.74e-10 s                  ; 2.8e-10 s                   ; No                         ; No                         ; 2.75 V                      ; 4.14e-06 V                  ; 2.91 V             ; -0.121 V           ; 0.326 V                             ; 0.297 V                             ; 2.74e-10 s                 ; 2.8e-10 s                  ; No                        ; No                        ;
; GPIO[10]            ; 2.5 V        ; 0 s                 ; 0 s                 ; 2.75 V                       ; 4.25e-06 V                   ; 2.9 V               ; -0.107 V            ; 0.378 V                              ; 0.16 V                               ; 2.87e-10 s                  ; 4.28e-10 s                  ; No                         ; No                         ; 2.75 V                      ; 4.25e-06 V                  ; 2.9 V              ; -0.107 V           ; 0.378 V                             ; 0.16 V                              ; 2.87e-10 s                 ; 4.28e-10 s                 ; No                        ; No                        ;
; GPIO[11]            ; 2.5 V        ; 0 s                 ; 0 s                 ; 2.75 V                       ; 4.14e-06 V                   ; 2.91 V              ; -0.119 V            ; 0.326 V                              ; 0.298 V                              ; 2.74e-10 s                  ; 2.8e-10 s                   ; No                         ; No                         ; 2.75 V                      ; 4.14e-06 V                  ; 2.91 V             ; -0.119 V           ; 0.326 V                             ; 0.298 V                             ; 2.74e-10 s                 ; 2.8e-10 s                  ; No                        ; No                        ;
; GPIO[12]            ; 2.5 V        ; 0 s                 ; 0 s                 ; 2.75 V                       ; 4.14e-06 V                   ; 2.91 V              ; -0.119 V            ; 0.326 V                              ; 0.298 V                              ; 2.74e-10 s                  ; 2.8e-10 s                   ; No                         ; No                         ; 2.75 V                      ; 4.14e-06 V                  ; 2.91 V             ; -0.119 V           ; 0.326 V                             ; 0.298 V                             ; 2.74e-10 s                 ; 2.8e-10 s                  ; No                        ; No                        ;
; GPIO[13]            ; 2.5 V        ; 0 s                 ; 0 s                 ; 2.75 V                       ; 4.14e-06 V                   ; 2.91 V              ; -0.119 V            ; 0.326 V                              ; 0.298 V                              ; 2.74e-10 s                  ; 2.8e-10 s                   ; No                         ; No                         ; 2.75 V                      ; 4.14e-06 V                  ; 2.91 V             ; -0.119 V           ; 0.326 V                             ; 0.298 V                             ; 2.74e-10 s                 ; 2.8e-10 s                  ; No                        ; No                        ;
; GPIO[14]            ; 2.5 V        ; 0 s                 ; 0 s                 ; 2.75 V                       ; 4.14e-06 V                   ; 2.91 V              ; -0.121 V            ; 0.326 V                              ; 0.297 V                              ; 2.74e-10 s                  ; 2.8e-10 s                   ; No                         ; No                         ; 2.75 V                      ; 4.14e-06 V                  ; 2.91 V             ; -0.121 V           ; 0.326 V                             ; 0.297 V                             ; 2.74e-10 s                 ; 2.8e-10 s                  ; No                        ; No                        ;
; GPIO[15]            ; 2.5 V        ; 0 s                 ; 0 s                 ; 2.75 V                       ; 4.14e-06 V                   ; 2.91 V              ; -0.121 V            ; 0.326 V                              ; 0.297 V                              ; 2.74e-10 s                  ; 2.8e-10 s                   ; No                         ; No                         ; 2.75 V                      ; 4.14e-06 V                  ; 2.91 V             ; -0.121 V           ; 0.326 V                             ; 0.297 V                             ; 2.74e-10 s                 ; 2.8e-10 s                  ; No                        ; No                        ;
; GPIO[16]            ; 2.5 V        ; 0 s                 ; 0 s                 ; 2.75 V                       ; 4.14e-06 V                   ; 2.91 V              ; -0.121 V            ; 0.326 V                              ; 0.297 V                              ; 2.74e-10 s                  ; 2.8e-10 s                   ; No                         ; No                         ; 2.75 V                      ; 4.14e-06 V                  ; 2.91 V             ; -0.121 V           ; 0.326 V                             ; 0.297 V                             ; 2.74e-10 s                 ; 2.8e-10 s                  ; No                        ; No                        ;
; GPIO[17]            ; 2.5 V        ; 0 s                 ; 0 s                 ; 2.75 V                       ; 4.25e-06 V                   ; 2.9 V               ; -0.107 V            ; 0.378 V                              ; 0.16 V                               ; 2.87e-10 s                  ; 4.28e-10 s                  ; No                         ; No                         ; 2.75 V                      ; 4.25e-06 V                  ; 2.9 V              ; -0.107 V           ; 0.378 V                             ; 0.16 V                              ; 2.87e-10 s                 ; 4.28e-10 s                 ; No                        ; No                        ;
; GPIO[18]            ; 2.5 V        ; 0 s                 ; 0 s                 ; 2.75 V                       ; 3.54e-06 V                   ; 2.81 V              ; -0.0578 V           ; 0.303 V                              ; 0.28 V                               ; 2.93e-10 s                  ; 3.01e-10 s                  ; No                         ; No                         ; 2.75 V                      ; 3.54e-06 V                  ; 2.81 V             ; -0.0578 V          ; 0.303 V                             ; 0.28 V                              ; 2.93e-10 s                 ; 3.01e-10 s                 ; No                        ; No                        ;
; GPIO[19]            ; 2.5 V        ; 0 s                 ; 0 s                 ; 2.75 V                       ; 4.14e-06 V                   ; 2.91 V              ; -0.119 V            ; 0.326 V                              ; 0.298 V                              ; 2.74e-10 s                  ; 2.8e-10 s                   ; No                         ; No                         ; 2.75 V                      ; 4.14e-06 V                  ; 2.91 V             ; -0.119 V           ; 0.326 V                             ; 0.298 V                             ; 2.74e-10 s                 ; 2.8e-10 s                  ; No                        ; No                        ;
; GPIO[20]            ; 2.5 V        ; 0 s                 ; 0 s                 ; 2.75 V                       ; 4.14e-06 V                   ; 2.91 V              ; -0.119 V            ; 0.326 V                              ; 0.298 V                              ; 2.74e-10 s                  ; 2.8e-10 s                   ; No                         ; No                         ; 2.75 V                      ; 4.14e-06 V                  ; 2.91 V             ; -0.119 V           ; 0.326 V                             ; 0.298 V                             ; 2.74e-10 s                 ; 2.8e-10 s                  ; No                        ; No                        ;
; GPIO[21]            ; 2.5 V        ; 0 s                 ; 0 s                 ; 2.75 V                       ; 4.14e-06 V                   ; 2.91 V              ; -0.119 V            ; 0.326 V                              ; 0.298 V                              ; 2.74e-10 s                  ; 2.8e-10 s                   ; No                         ; No                         ; 2.75 V                      ; 4.14e-06 V                  ; 2.91 V             ; -0.119 V           ; 0.326 V                             ; 0.298 V                             ; 2.74e-10 s                 ; 2.8e-10 s                  ; No                        ; No                        ;
; GPIO[22]            ; 2.5 V        ; 0 s                 ; 0 s                 ; 2.75 V                       ; 4.14e-06 V                   ; 2.91 V              ; -0.121 V            ; 0.326 V                              ; 0.297 V                              ; 2.74e-10 s                  ; 2.8e-10 s                   ; No                         ; No                         ; 2.75 V                      ; 4.14e-06 V                  ; 2.91 V             ; -0.121 V           ; 0.326 V                             ; 0.297 V                             ; 2.74e-10 s                 ; 2.8e-10 s                  ; No                        ; No                        ;
; GPIO[23]            ; 2.5 V        ; 0 s                 ; 0 s                 ; 2.75 V                       ; 3.54e-06 V                   ; 2.81 V              ; -0.0578 V           ; 0.303 V                              ; 0.28 V                               ; 2.93e-10 s                  ; 3.01e-10 s                  ; No                         ; No                         ; 2.75 V                      ; 3.54e-06 V                  ; 2.81 V             ; -0.0578 V          ; 0.303 V                             ; 0.28 V                              ; 2.93e-10 s                 ; 3.01e-10 s                 ; No                        ; No                        ;
; GPIO[24]            ; 2.5 V        ; 0 s                 ; 0 s                 ; 2.75 V                       ; 4.14e-06 V                   ; 2.91 V              ; -0.121 V            ; 0.326 V                              ; 0.297 V                              ; 2.74e-10 s                  ; 2.8e-10 s                   ; No                         ; No                         ; 2.75 V                      ; 4.14e-06 V                  ; 2.91 V             ; -0.121 V           ; 0.326 V                             ; 0.297 V                             ; 2.74e-10 s                 ; 2.8e-10 s                  ; No                        ; No                        ;
; GPIO[25]            ; 2.5 V        ; 0 s                 ; 0 s                 ; 2.75 V                       ; 4.14e-06 V                   ; 2.91 V              ; -0.119 V            ; 0.326 V                              ; 0.298 V                              ; 2.74e-10 s                  ; 2.8e-10 s                   ; No                         ; No                         ; 2.75 V                      ; 4.14e-06 V                  ; 2.91 V             ; -0.119 V           ; 0.326 V                             ; 0.298 V                             ; 2.74e-10 s                 ; 2.8e-10 s                  ; No                        ; No                        ;
; GPIO[26]            ; 2.5 V        ; 0 s                 ; 0 s                 ; 2.75 V                       ; 3.54e-06 V                   ; 2.81 V              ; -0.0578 V           ; 0.303 V                              ; 0.28 V                               ; 2.93e-10 s                  ; 3.01e-10 s                  ; No                         ; No                         ; 2.75 V                      ; 3.54e-06 V                  ; 2.81 V             ; -0.0578 V          ; 0.303 V                             ; 0.28 V                              ; 2.93e-10 s                 ; 3.01e-10 s                 ; No                        ; No                        ;
; GPIO[27]            ; 2.5 V        ; 0 s                 ; 0 s                 ; 2.75 V                       ; 4.25e-06 V                   ; 2.9 V               ; -0.107 V            ; 0.378 V                              ; 0.16 V                               ; 2.87e-10 s                  ; 4.28e-10 s                  ; No                         ; No                         ; 2.75 V                      ; 4.25e-06 V                  ; 2.9 V              ; -0.107 V           ; 0.378 V                             ; 0.16 V                              ; 2.87e-10 s                 ; 4.28e-10 s                 ; No                        ; No                        ;
; GPIO[28]            ; 2.5 V        ; 0 s                 ; 0 s                 ; 2.75 V                       ; 4.14e-06 V                   ; 2.91 V              ; -0.119 V            ; 0.326 V                              ; 0.298 V                              ; 2.74e-10 s                  ; 2.8e-10 s                   ; No                         ; No                         ; 2.75 V                      ; 4.14e-06 V                  ; 2.91 V             ; -0.119 V           ; 0.326 V                             ; 0.298 V                             ; 2.74e-10 s                 ; 2.8e-10 s                  ; No                        ; No                        ;
; GPIO[29]            ; 2.5 V        ; 0 s                 ; 0 s                 ; 2.75 V                       ; 3.54e-06 V                   ; 2.81 V              ; -0.0578 V           ; 0.303 V                              ; 0.28 V                               ; 2.93e-10 s                  ; 3.01e-10 s                  ; No                         ; No                         ; 2.75 V                      ; 3.54e-06 V                  ; 2.81 V             ; -0.0578 V          ; 0.303 V                             ; 0.28 V                              ; 2.93e-10 s                 ; 3.01e-10 s                 ; No                        ; No                        ;
; GPIO[30]            ; 2.5 V        ; 0 s                 ; 0 s                 ; 2.75 V                       ; 4.25e-06 V                   ; 2.9 V               ; -0.107 V            ; 0.378 V                              ; 0.16 V                               ; 2.87e-10 s                  ; 4.28e-10 s                  ; No                         ; No                         ; 2.75 V                      ; 4.25e-06 V                  ; 2.9 V              ; -0.107 V           ; 0.378 V                             ; 0.16 V                              ; 2.87e-10 s                 ; 4.28e-10 s                 ; No                        ; No                        ;
; GPIO[31]            ; 2.5 V        ; 0 s                 ; 0 s                 ; 2.75 V                       ; 3.54e-06 V                   ; 2.81 V              ; -0.0578 V           ; 0.303 V                              ; 0.28 V                               ; 2.93e-10 s                  ; 3.01e-10 s                  ; No                         ; No                         ; 2.75 V                      ; 3.54e-06 V                  ; 2.81 V             ; -0.0578 V          ; 0.303 V                             ; 0.28 V                              ; 2.93e-10 s                 ; 3.01e-10 s                 ; No                        ; No                        ;
; GPIO[32]            ; 2.5 V        ; 0 s                 ; 0 s                 ; 2.75 V                       ; 4.25e-06 V                   ; 2.9 V               ; -0.107 V            ; 0.378 V                              ; 0.16 V                               ; 2.87e-10 s                  ; 4.28e-10 s                  ; No                         ; No                         ; 2.75 V                      ; 4.25e-06 V                  ; 2.9 V              ; -0.107 V           ; 0.378 V                             ; 0.16 V                              ; 2.87e-10 s                 ; 4.28e-10 s                 ; No                        ; No                        ;
; GPIO[33]            ; 2.5 V        ; 0 s                 ; 0 s                 ; 2.75 V                       ; 4.25e-06 V                   ; 2.9 V               ; -0.107 V            ; 0.378 V                              ; 0.16 V                               ; 2.87e-10 s                  ; 4.28e-10 s                  ; No                         ; No                         ; 2.75 V                      ; 4.25e-06 V                  ; 2.9 V              ; -0.107 V           ; 0.378 V                             ; 0.16 V                              ; 2.87e-10 s                 ; 4.28e-10 s                 ; No                        ; No                        ;
; GPIO[34]            ; 2.5 V        ; 0 s                 ; 0 s                 ; 2.75 V                       ; 3.54e-06 V                   ; 2.81 V              ; -0.0578 V           ; 0.303 V                              ; 0.28 V                               ; 2.93e-10 s                  ; 3.01e-10 s                  ; No                         ; No                         ; 2.75 V                      ; 3.54e-06 V                  ; 2.81 V             ; -0.0578 V          ; 0.303 V                             ; 0.28 V                              ; 2.93e-10 s                 ; 3.01e-10 s                 ; No                        ; No                        ;
; GPIO[35]            ; 2.5 V        ; 0 s                 ; 0 s                 ; 2.75 V                       ; 4.25e-06 V                   ; 2.9 V               ; -0.107 V            ; 0.378 V                              ; 0.16 V                               ; 2.87e-10 s                  ; 4.28e-10 s                  ; No                         ; No                         ; 2.75 V                      ; 4.25e-06 V                  ; 2.9 V              ; -0.107 V           ; 0.378 V                             ; 0.16 V                              ; 2.87e-10 s                 ; 4.28e-10 s                 ; No                        ; No                        ;
; GPIO[0]             ; 2.5 V        ; 0 s                 ; 0 s                 ; 2.75 V                       ; 4.25e-06 V                   ; 2.9 V               ; -0.107 V            ; 0.378 V                              ; 0.16 V                               ; 2.87e-10 s                  ; 4.28e-10 s                  ; No                         ; No                         ; 2.75 V                      ; 4.25e-06 V                  ; 2.9 V              ; -0.107 V           ; 0.378 V                             ; 0.16 V                              ; 2.87e-10 s                 ; 4.28e-10 s                 ; No                        ; No                        ;
; GPIO[2]             ; 2.5 V        ; 0 s                 ; 0 s                 ; 2.75 V                       ; 3.54e-06 V                   ; 2.81 V              ; -0.0578 V           ; 0.303 V                              ; 0.28 V                               ; 2.93e-10 s                  ; 3.01e-10 s                  ; No                         ; No                         ; 2.75 V                      ; 3.54e-06 V                  ; 2.81 V             ; -0.0578 V          ; 0.303 V                             ; 0.28 V                              ; 2.93e-10 s                 ; 3.01e-10 s                 ; No                        ; No                        ;
; GPIO[4]             ; 2.5 V        ; 0 s                 ; 0 s                 ; 2.75 V                       ; 4.25e-06 V                   ; 2.9 V               ; -0.107 V            ; 0.378 V                              ; 0.16 V                               ; 2.87e-10 s                  ; 4.28e-10 s                  ; No                         ; No                         ; 2.75 V                      ; 4.25e-06 V                  ; 2.9 V              ; -0.107 V           ; 0.378 V                             ; 0.16 V                              ; 2.87e-10 s                 ; 4.28e-10 s                 ; No                        ; No                        ;
; GPIO[6]             ; 2.5 V        ; 0 s                 ; 0 s                 ; 2.75 V                       ; 3.54e-06 V                   ; 2.81 V              ; -0.0578 V           ; 0.303 V                              ; 0.28 V                               ; 2.93e-10 s                  ; 3.01e-10 s                  ; No                         ; No                         ; 2.75 V                      ; 3.54e-06 V                  ; 2.81 V             ; -0.0578 V          ; 0.303 V                             ; 0.28 V                              ; 2.93e-10 s                 ; 3.01e-10 s                 ; No                        ; No                        ;
; altera_reserved_tdo ; 2.5 V        ; 0 s                 ; 0 s                 ; 2.75 V                       ; 3.79e-06 V                   ; 2.9 V               ; -0.122 V            ; 0.313 V                              ; 0.277 V                              ; 2.78e-10 s                  ; 2.7e-10 s                   ; No                         ; No                         ; 2.75 V                      ; 3.79e-06 V                  ; 2.9 V              ; -0.122 V           ; 0.313 V                             ; 0.277 V                             ; 2.78e-10 s                 ; 2.7e-10 s                  ; No                        ; No                        ;
+---------------------+--------------+---------------------+---------------------+------------------------------+------------------------------+---------------------+---------------------+--------------------------------------+--------------------------------------+-----------------------------+-----------------------------+----------------------------+----------------------------+-----------------------------+-----------------------------+--------------------+--------------------+-------------------------------------+-------------------------------------+----------------------------+----------------------------+---------------------------+---------------------------+


+--------------------------------------------------------------------------------------------------------------------------------------------------------------------------------------------------------------------------------------------------------------------------------------------------------------------------------------------------------------------------------------------------------------------------------------------------------------------------------------------------------------------------------------------------------------------------------------------------------------------------------------------------------------------------------------------------+
; Signal Integrity Metrics (Fast 1100mv 85c Model)                                                                                                                                                                                                                                                                                                                                                                                                                                                                                                                                                                                                                                                 ;
+---------------------+--------------+---------------------+---------------------+------------------------------+------------------------------+---------------------+---------------------+--------------------------------------+--------------------------------------+-----------------------------+-----------------------------+----------------------------+----------------------------+-----------------------------+-----------------------------+--------------------+--------------------+-------------------------------------+-------------------------------------+----------------------------+----------------------------+---------------------------+---------------------------+
; Pin                 ; I/O Standard ; Board Delay on Rise ; Board Delay on Fall ; Steady State Voh at FPGA Pin ; Steady State Vol at FPGA Pin ; Voh Max at FPGA Pin ; Vol Min at FPGA Pin ; Ringback Voltage on Rise at FPGA Pin ; Ringback Voltage on Fall at FPGA Pin ; 10-90 Rise Time at FPGA Pin ; 90-10 Fall Time at FPGA Pin ; Monotonic Rise at FPGA Pin ; Monotonic Fall at FPGA Pin ; Steady State Voh at Far-end ; Steady State Vol at Far-end ; Voh Max at Far-end ; Vol Min at Far-end ; Ringback Voltage on Rise at Far-end ; Ringback Voltage on Fall at Far-end ; 10-90 Rise Time at Far-end ; 90-10 Fall Time at Far-end ; Monotonic Rise at Far-end ; Monotonic Fall at Far-end ;
+---------------------+--------------+---------------------+---------------------+------------------------------+------------------------------+---------------------+---------------------+--------------------------------------+--------------------------------------+-----------------------------+-----------------------------+----------------------------+----------------------------+-----------------------------+-----------------------------+--------------------+--------------------+-------------------------------------+-------------------------------------+----------------------------+----------------------------+---------------------------+---------------------------+
; HEX0[0]             ; 2.5 V        ; 0 s                 ; 0 s                 ; 2.75 V                       ; 0.000213 V                   ; 2.79 V              ; -0.0324 V           ; 0.139 V                              ; 0.119 V                              ; 4.42e-10 s                  ; 4.33e-10 s                  ; No                         ; Yes                        ; 2.75 V                      ; 0.000213 V                  ; 2.79 V             ; -0.0324 V          ; 0.139 V                             ; 0.119 V                             ; 4.42e-10 s                 ; 4.33e-10 s                 ; No                        ; Yes                       ;
; HEX0[1]             ; 2.5 V        ; 0 s                 ; 0 s                 ; 2.75 V                       ; 0.000247 V                   ; 2.85 V              ; -0.0711 V           ; 0.204 V                              ; 0.181 V                              ; 4.55e-10 s                  ; 4.49e-10 s                  ; No                         ; No                         ; 2.75 V                      ; 0.000247 V                  ; 2.85 V             ; -0.0711 V          ; 0.204 V                             ; 0.181 V                             ; 4.55e-10 s                 ; 4.49e-10 s                 ; No                        ; No                        ;
; HEX0[2]             ; 2.5 V        ; 0 s                 ; 0 s                 ; 2.75 V                       ; 0.000242 V                   ; 2.86 V              ; -0.0814 V           ; 0.36 V                               ; 0.156 V                              ; 3e-10 s                     ; 4.34e-10 s                  ; No                         ; No                         ; 2.75 V                      ; 0.000242 V                  ; 2.86 V             ; -0.0814 V          ; 0.36 V                              ; 0.156 V                             ; 3e-10 s                    ; 4.34e-10 s                 ; No                        ; No                        ;
; HEX0[3]             ; 2.5 V        ; 0 s                 ; 0 s                 ; 2.75 V                       ; 0.000242 V                   ; 2.86 V              ; -0.0805 V           ; 0.358 V                              ; 0.156 V                              ; 3.01e-10 s                  ; 4.34e-10 s                  ; No                         ; No                         ; 2.75 V                      ; 0.000242 V                  ; 2.86 V             ; -0.0805 V          ; 0.358 V                             ; 0.156 V                             ; 3.01e-10 s                 ; 4.34e-10 s                 ; No                        ; No                        ;
; HEX0[4]             ; 2.5 V        ; 0 s                 ; 0 s                 ; 2.75 V                       ; 0.000242 V                   ; 2.86 V              ; -0.0805 V           ; 0.358 V                              ; 0.156 V                              ; 3.01e-10 s                  ; 4.34e-10 s                  ; No                         ; No                         ; 2.75 V                      ; 0.000242 V                  ; 2.86 V             ; -0.0805 V          ; 0.358 V                             ; 0.156 V                             ; 3.01e-10 s                 ; 4.34e-10 s                 ; No                        ; No                        ;
; HEX0[5]             ; 2.5 V        ; 0 s                 ; 0 s                 ; 2.75 V                       ; 0.000242 V                   ; 2.86 V              ; -0.0805 V           ; 0.358 V                              ; 0.156 V                              ; 3.01e-10 s                  ; 4.34e-10 s                  ; No                         ; No                         ; 2.75 V                      ; 0.000242 V                  ; 2.86 V             ; -0.0805 V          ; 0.358 V                             ; 0.156 V                             ; 3.01e-10 s                 ; 4.34e-10 s                 ; No                        ; No                        ;
; HEX0[6]             ; 2.5 V        ; 0 s                 ; 0 s                 ; 2.75 V                       ; 0.000242 V                   ; 2.86 V              ; -0.0814 V           ; 0.36 V                               ; 0.156 V                              ; 3e-10 s                     ; 4.34e-10 s                  ; No                         ; No                         ; 2.75 V                      ; 0.000242 V                  ; 2.86 V             ; -0.0814 V          ; 0.36 V                              ; 0.156 V                             ; 3e-10 s                    ; 4.34e-10 s                 ; No                        ; No                        ;
; HEX1[0]             ; 2.5 V        ; 0 s                 ; 0 s                 ; 2.75 V                       ; 0.000242 V                   ; 2.86 V              ; -0.0814 V           ; 0.36 V                               ; 0.156 V                              ; 3e-10 s                     ; 4.34e-10 s                  ; No                         ; No                         ; 2.75 V                      ; 0.000242 V                  ; 2.86 V             ; -0.0814 V          ; 0.36 V                              ; 0.156 V                             ; 3e-10 s                    ; 4.34e-10 s                 ; No                        ; No                        ;
; HEX1[1]             ; 2.5 V        ; 0 s                 ; 0 s                 ; 2.75 V                       ; 0.000247 V                   ; 2.85 V              ; -0.0711 V           ; 0.204 V                              ; 0.181 V                              ; 4.55e-10 s                  ; 4.49e-10 s                  ; No                         ; No                         ; 2.75 V                      ; 0.000247 V                  ; 2.85 V             ; -0.0711 V          ; 0.204 V                             ; 0.181 V                             ; 4.55e-10 s                 ; 4.49e-10 s                 ; No                        ; No                        ;
; HEX1[2]             ; 2.5 V        ; 0 s                 ; 0 s                 ; 2.75 V                       ; 0.000242 V                   ; 2.86 V              ; -0.0805 V           ; 0.358 V                              ; 0.156 V                              ; 3.01e-10 s                  ; 4.34e-10 s                  ; No                         ; No                         ; 2.75 V                      ; 0.000242 V                  ; 2.86 V             ; -0.0805 V          ; 0.358 V                             ; 0.156 V                             ; 3.01e-10 s                 ; 4.34e-10 s                 ; No                        ; No                        ;
; HEX1[3]             ; 2.5 V        ; 0 s                 ; 0 s                 ; 2.75 V                       ; 0.000213 V                   ; 2.79 V              ; -0.0324 V           ; 0.139 V                              ; 0.119 V                              ; 4.42e-10 s                  ; 4.33e-10 s                  ; No                         ; Yes                        ; 2.75 V                      ; 0.000213 V                  ; 2.79 V             ; -0.0324 V          ; 0.139 V                             ; 0.119 V                             ; 4.42e-10 s                 ; 4.33e-10 s                 ; No                        ; Yes                       ;
; HEX1[4]             ; 2.5 V        ; 0 s                 ; 0 s                 ; 2.75 V                       ; 0.000247 V                   ; 2.85 V              ; -0.0711 V           ; 0.204 V                              ; 0.181 V                              ; 4.55e-10 s                  ; 4.49e-10 s                  ; No                         ; No                         ; 2.75 V                      ; 0.000247 V                  ; 2.85 V             ; -0.0711 V          ; 0.204 V                             ; 0.181 V                             ; 4.55e-10 s                 ; 4.49e-10 s                 ; No                        ; No                        ;
; HEX1[5]             ; 2.5 V        ; 0 s                 ; 0 s                 ; 2.75 V                       ; 0.000247 V                   ; 2.85 V              ; -0.0711 V           ; 0.204 V                              ; 0.181 V                              ; 4.55e-10 s                  ; 4.49e-10 s                  ; No                         ; No                         ; 2.75 V                      ; 0.000247 V                  ; 2.85 V             ; -0.0711 V          ; 0.204 V                             ; 0.181 V                             ; 4.55e-10 s                 ; 4.49e-10 s                 ; No                        ; No                        ;
; HEX1[6]             ; 2.5 V        ; 0 s                 ; 0 s                 ; 2.75 V                       ; 0.000247 V                   ; 2.85 V              ; -0.0711 V           ; 0.204 V                              ; 0.181 V                              ; 4.55e-10 s                  ; 4.49e-10 s                  ; No                         ; No                         ; 2.75 V                      ; 0.000247 V                  ; 2.85 V             ; -0.0711 V          ; 0.204 V                             ; 0.181 V                             ; 4.55e-10 s                 ; 4.49e-10 s                 ; No                        ; No                        ;
; HEX2[0]             ; 2.5 V        ; 0 s                 ; 0 s                 ; 2.75 V                       ; 0.000247 V                   ; 2.85 V              ; -0.0711 V           ; 0.204 V                              ; 0.181 V                              ; 4.55e-10 s                  ; 4.49e-10 s                  ; No                         ; No                         ; 2.75 V                      ; 0.000247 V                  ; 2.85 V             ; -0.0711 V          ; 0.204 V                             ; 0.181 V                             ; 4.55e-10 s                 ; 4.49e-10 s                 ; No                        ; No                        ;
; HEX2[1]             ; 2.5 V        ; 0 s                 ; 0 s                 ; 2.75 V                       ; 0.000213 V                   ; 2.79 V              ; -0.0324 V           ; 0.139 V                              ; 0.119 V                              ; 4.42e-10 s                  ; 4.33e-10 s                  ; No                         ; Yes                        ; 2.75 V                      ; 0.000213 V                  ; 2.79 V             ; -0.0324 V          ; 0.139 V                             ; 0.119 V                             ; 4.42e-10 s                 ; 4.33e-10 s                 ; No                        ; Yes                       ;
; HEX2[2]             ; 2.5 V        ; 0 s                 ; 0 s                 ; 2.75 V                       ; 0.000213 V                   ; 2.79 V              ; -0.0324 V           ; 0.139 V                              ; 0.119 V                              ; 4.42e-10 s                  ; 4.33e-10 s                  ; No                         ; Yes                        ; 2.75 V                      ; 0.000213 V                  ; 2.79 V             ; -0.0324 V          ; 0.139 V                             ; 0.119 V                             ; 4.42e-10 s                 ; 4.33e-10 s                 ; No                        ; Yes                       ;
; HEX2[3]             ; 2.5 V        ; 0 s                 ; 0 s                 ; 2.75 V                       ; 0.000247 V                   ; 2.85 V              ; -0.0711 V           ; 0.204 V                              ; 0.181 V                              ; 4.55e-10 s                  ; 4.49e-10 s                  ; No                         ; No                         ; 2.75 V                      ; 0.000247 V                  ; 2.85 V             ; -0.0711 V          ; 0.204 V                             ; 0.181 V                             ; 4.55e-10 s                 ; 4.49e-10 s                 ; No                        ; No                        ;
; HEX2[4]             ; 2.5 V        ; 0 s                 ; 0 s                 ; 2.75 V                       ; 0.000247 V                   ; 2.85 V              ; -0.0711 V           ; 0.204 V                              ; 0.181 V                              ; 4.55e-10 s                  ; 4.49e-10 s                  ; No                         ; No                         ; 2.75 V                      ; 0.000247 V                  ; 2.85 V             ; -0.0711 V          ; 0.204 V                             ; 0.181 V                             ; 4.55e-10 s                 ; 4.49e-10 s                 ; No                        ; No                        ;
; HEX2[5]             ; 2.5 V        ; 0 s                 ; 0 s                 ; 2.75 V                       ; 0.000213 V                   ; 2.79 V              ; -0.0324 V           ; 0.139 V                              ; 0.119 V                              ; 4.42e-10 s                  ; 4.33e-10 s                  ; No                         ; Yes                        ; 2.75 V                      ; 0.000213 V                  ; 2.79 V             ; -0.0324 V          ; 0.139 V                             ; 0.119 V                             ; 4.42e-10 s                 ; 4.33e-10 s                 ; No                        ; Yes                       ;
; HEX2[6]             ; 2.5 V        ; 0 s                 ; 0 s                 ; 2.75 V                       ; 0.000213 V                   ; 2.79 V              ; -0.0324 V           ; 0.139 V                              ; 0.119 V                              ; 4.42e-10 s                  ; 4.33e-10 s                  ; No                         ; Yes                        ; 2.75 V                      ; 0.000213 V                  ; 2.79 V             ; -0.0324 V          ; 0.139 V                             ; 0.119 V                             ; 4.42e-10 s                 ; 4.33e-10 s                 ; No                        ; Yes                       ;
; GPIO[1]             ; 2.5 V        ; 0 s                 ; 0 s                 ; 2.75 V                       ; 0.000242 V                   ; 2.86 V              ; -0.0805 V           ; 0.358 V                              ; 0.156 V                              ; 3.01e-10 s                  ; 4.34e-10 s                  ; No                         ; No                         ; 2.75 V                      ; 0.000242 V                  ; 2.86 V             ; -0.0805 V          ; 0.358 V                             ; 0.156 V                             ; 3.01e-10 s                 ; 4.34e-10 s                 ; No                        ; No                        ;
; GPIO[3]             ; 2.5 V        ; 0 s                 ; 0 s                 ; 2.75 V                       ; 0.000242 V                   ; 2.86 V              ; -0.0814 V           ; 0.36 V                               ; 0.156 V                              ; 3e-10 s                     ; 4.34e-10 s                  ; No                         ; No                         ; 2.75 V                      ; 0.000242 V                  ; 2.86 V             ; -0.0814 V          ; 0.36 V                              ; 0.156 V                             ; 3e-10 s                    ; 4.34e-10 s                 ; No                        ; No                        ;
; GPIO[5]             ; 2.5 V        ; 0 s                 ; 0 s                 ; 2.75 V                       ; 0.000213 V                   ; 2.79 V              ; -0.0324 V           ; 0.139 V                              ; 0.119 V                              ; 4.42e-10 s                  ; 4.33e-10 s                  ; No                         ; Yes                        ; 2.75 V                      ; 0.000213 V                  ; 2.79 V             ; -0.0324 V          ; 0.139 V                             ; 0.119 V                             ; 4.42e-10 s                 ; 4.33e-10 s                 ; No                        ; Yes                       ;
; GPIO[7]             ; 2.5 V        ; 0 s                 ; 0 s                 ; 2.75 V                       ; 0.000242 V                   ; 2.86 V              ; -0.0814 V           ; 0.36 V                               ; 0.156 V                              ; 3e-10 s                     ; 4.34e-10 s                  ; No                         ; No                         ; 2.75 V                      ; 0.000242 V                  ; 2.86 V             ; -0.0814 V          ; 0.36 V                              ; 0.156 V                             ; 3e-10 s                    ; 4.34e-10 s                 ; No                        ; No                        ;
; GPIO[8]             ; 2.5 V        ; 0 s                 ; 0 s                 ; 2.75 V                       ; 0.000242 V                   ; 2.86 V              ; -0.0814 V           ; 0.36 V                               ; 0.156 V                              ; 3e-10 s                     ; 4.34e-10 s                  ; No                         ; No                         ; 2.75 V                      ; 0.000242 V                  ; 2.86 V             ; -0.0814 V          ; 0.36 V                              ; 0.156 V                             ; 3e-10 s                    ; 4.34e-10 s                 ; No                        ; No                        ;
; GPIO[9]             ; 2.5 V        ; 0 s                 ; 0 s                 ; 2.75 V                       ; 0.000242 V                   ; 2.86 V              ; -0.0814 V           ; 0.36 V                               ; 0.156 V                              ; 3e-10 s                     ; 4.34e-10 s                  ; No                         ; No                         ; 2.75 V                      ; 0.000242 V                  ; 2.86 V             ; -0.0814 V          ; 0.36 V                              ; 0.156 V                             ; 3e-10 s                    ; 4.34e-10 s                 ; No                        ; No                        ;
; GPIO[10]            ; 2.5 V        ; 0 s                 ; 0 s                 ; 2.75 V                       ; 0.000247 V                   ; 2.85 V              ; -0.0711 V           ; 0.204 V                              ; 0.181 V                              ; 4.55e-10 s                  ; 4.49e-10 s                  ; No                         ; No                         ; 2.75 V                      ; 0.000247 V                  ; 2.85 V             ; -0.0711 V          ; 0.204 V                             ; 0.181 V                             ; 4.55e-10 s                 ; 4.49e-10 s                 ; No                        ; No                        ;
; GPIO[11]            ; 2.5 V        ; 0 s                 ; 0 s                 ; 2.75 V                       ; 0.000242 V                   ; 2.86 V              ; -0.0805 V           ; 0.358 V                              ; 0.156 V                              ; 3.01e-10 s                  ; 4.34e-10 s                  ; No                         ; No                         ; 2.75 V                      ; 0.000242 V                  ; 2.86 V             ; -0.0805 V          ; 0.358 V                             ; 0.156 V                             ; 3.01e-10 s                 ; 4.34e-10 s                 ; No                        ; No                        ;
; GPIO[12]            ; 2.5 V        ; 0 s                 ; 0 s                 ; 2.75 V                       ; 0.000242 V                   ; 2.86 V              ; -0.0805 V           ; 0.358 V                              ; 0.156 V                              ; 3.01e-10 s                  ; 4.34e-10 s                  ; No                         ; No                         ; 2.75 V                      ; 0.000242 V                  ; 2.86 V             ; -0.0805 V          ; 0.358 V                             ; 0.156 V                             ; 3.01e-10 s                 ; 4.34e-10 s                 ; No                        ; No                        ;
; GPIO[13]            ; 2.5 V        ; 0 s                 ; 0 s                 ; 2.75 V                       ; 0.000242 V                   ; 2.86 V              ; -0.0805 V           ; 0.358 V                              ; 0.156 V                              ; 3.01e-10 s                  ; 4.34e-10 s                  ; No                         ; No                         ; 2.75 V                      ; 0.000242 V                  ; 2.86 V             ; -0.0805 V          ; 0.358 V                             ; 0.156 V                             ; 3.01e-10 s                 ; 4.34e-10 s                 ; No                        ; No                        ;
; GPIO[14]            ; 2.5 V        ; 0 s                 ; 0 s                 ; 2.75 V                       ; 0.000242 V                   ; 2.86 V              ; -0.0814 V           ; 0.36 V                               ; 0.156 V                              ; 3e-10 s                     ; 4.34e-10 s                  ; No                         ; No                         ; 2.75 V                      ; 0.000242 V                  ; 2.86 V             ; -0.0814 V          ; 0.36 V                              ; 0.156 V                             ; 3e-10 s                    ; 4.34e-10 s                 ; No                        ; No                        ;
; GPIO[15]            ; 2.5 V        ; 0 s                 ; 0 s                 ; 2.75 V                       ; 0.000242 V                   ; 2.86 V              ; -0.0814 V           ; 0.36 V                               ; 0.156 V                              ; 3e-10 s                     ; 4.34e-10 s                  ; No                         ; No                         ; 2.75 V                      ; 0.000242 V                  ; 2.86 V             ; -0.0814 V          ; 0.36 V                              ; 0.156 V                             ; 3e-10 s                    ; 4.34e-10 s                 ; No                        ; No                        ;
; GPIO[16]            ; 2.5 V        ; 0 s                 ; 0 s                 ; 2.75 V                       ; 0.000242 V                   ; 2.86 V              ; -0.0814 V           ; 0.36 V                               ; 0.156 V                              ; 3e-10 s                     ; 4.34e-10 s                  ; No                         ; No                         ; 2.75 V                      ; 0.000242 V                  ; 2.86 V             ; -0.0814 V          ; 0.36 V                              ; 0.156 V                             ; 3e-10 s                    ; 4.34e-10 s                 ; No                        ; No                        ;
; GPIO[17]            ; 2.5 V        ; 0 s                 ; 0 s                 ; 2.75 V                       ; 0.000247 V                   ; 2.85 V              ; -0.0711 V           ; 0.204 V                              ; 0.181 V                              ; 4.55e-10 s                  ; 4.49e-10 s                  ; No                         ; No                         ; 2.75 V                      ; 0.000247 V                  ; 2.85 V             ; -0.0711 V          ; 0.204 V                             ; 0.181 V                             ; 4.55e-10 s                 ; 4.49e-10 s                 ; No                        ; No                        ;
; GPIO[18]            ; 2.5 V        ; 0 s                 ; 0 s                 ; 2.75 V                       ; 0.000213 V                   ; 2.79 V              ; -0.0324 V           ; 0.139 V                              ; 0.119 V                              ; 4.42e-10 s                  ; 4.33e-10 s                  ; No                         ; Yes                        ; 2.75 V                      ; 0.000213 V                  ; 2.79 V             ; -0.0324 V          ; 0.139 V                             ; 0.119 V                             ; 4.42e-10 s                 ; 4.33e-10 s                 ; No                        ; Yes                       ;
; GPIO[19]            ; 2.5 V        ; 0 s                 ; 0 s                 ; 2.75 V                       ; 0.000242 V                   ; 2.86 V              ; -0.0805 V           ; 0.358 V                              ; 0.156 V                              ; 3.01e-10 s                  ; 4.34e-10 s                  ; No                         ; No                         ; 2.75 V                      ; 0.000242 V                  ; 2.86 V             ; -0.0805 V          ; 0.358 V                             ; 0.156 V                             ; 3.01e-10 s                 ; 4.34e-10 s                 ; No                        ; No                        ;
; GPIO[20]            ; 2.5 V        ; 0 s                 ; 0 s                 ; 2.75 V                       ; 0.000242 V                   ; 2.86 V              ; -0.0805 V           ; 0.358 V                              ; 0.156 V                              ; 3.01e-10 s                  ; 4.34e-10 s                  ; No                         ; No                         ; 2.75 V                      ; 0.000242 V                  ; 2.86 V             ; -0.0805 V          ; 0.358 V                             ; 0.156 V                             ; 3.01e-10 s                 ; 4.34e-10 s                 ; No                        ; No                        ;
; GPIO[21]            ; 2.5 V        ; 0 s                 ; 0 s                 ; 2.75 V                       ; 0.000242 V                   ; 2.86 V              ; -0.0805 V           ; 0.358 V                              ; 0.156 V                              ; 3.01e-10 s                  ; 4.34e-10 s                  ; No                         ; No                         ; 2.75 V                      ; 0.000242 V                  ; 2.86 V             ; -0.0805 V          ; 0.358 V                             ; 0.156 V                             ; 3.01e-10 s                 ; 4.34e-10 s                 ; No                        ; No                        ;
; GPIO[22]            ; 2.5 V        ; 0 s                 ; 0 s                 ; 2.75 V                       ; 0.000242 V                   ; 2.86 V              ; -0.0814 V           ; 0.36 V                               ; 0.156 V                              ; 3e-10 s                     ; 4.34e-10 s                  ; No                         ; No                         ; 2.75 V                      ; 0.000242 V                  ; 2.86 V             ; -0.0814 V          ; 0.36 V                              ; 0.156 V                             ; 3e-10 s                    ; 4.34e-10 s                 ; No                        ; No                        ;
; GPIO[23]            ; 2.5 V        ; 0 s                 ; 0 s                 ; 2.75 V                       ; 0.000213 V                   ; 2.79 V              ; -0.0324 V           ; 0.139 V                              ; 0.119 V                              ; 4.42e-10 s                  ; 4.33e-10 s                  ; No                         ; Yes                        ; 2.75 V                      ; 0.000213 V                  ; 2.79 V             ; -0.0324 V          ; 0.139 V                             ; 0.119 V                             ; 4.42e-10 s                 ; 4.33e-10 s                 ; No                        ; Yes                       ;
; GPIO[24]            ; 2.5 V        ; 0 s                 ; 0 s                 ; 2.75 V                       ; 0.000242 V                   ; 2.86 V              ; -0.0814 V           ; 0.36 V                               ; 0.156 V                              ; 3e-10 s                     ; 4.34e-10 s                  ; No                         ; No                         ; 2.75 V                      ; 0.000242 V                  ; 2.86 V             ; -0.0814 V          ; 0.36 V                              ; 0.156 V                             ; 3e-10 s                    ; 4.34e-10 s                 ; No                        ; No                        ;
; GPIO[25]            ; 2.5 V        ; 0 s                 ; 0 s                 ; 2.75 V                       ; 0.000242 V                   ; 2.86 V              ; -0.0805 V           ; 0.358 V                              ; 0.156 V                              ; 3.01e-10 s                  ; 4.34e-10 s                  ; No                         ; No                         ; 2.75 V                      ; 0.000242 V                  ; 2.86 V             ; -0.0805 V          ; 0.358 V                             ; 0.156 V                             ; 3.01e-10 s                 ; 4.34e-10 s                 ; No                        ; No                        ;
; GPIO[26]            ; 2.5 V        ; 0 s                 ; 0 s                 ; 2.75 V                       ; 0.000213 V                   ; 2.79 V              ; -0.0324 V           ; 0.139 V                              ; 0.119 V                              ; 4.42e-10 s                  ; 4.33e-10 s                  ; No                         ; Yes                        ; 2.75 V                      ; 0.000213 V                  ; 2.79 V             ; -0.0324 V          ; 0.139 V                             ; 0.119 V                             ; 4.42e-10 s                 ; 4.33e-10 s                 ; No                        ; Yes                       ;
; GPIO[27]            ; 2.5 V        ; 0 s                 ; 0 s                 ; 2.75 V                       ; 0.000247 V                   ; 2.85 V              ; -0.0711 V           ; 0.204 V                              ; 0.181 V                              ; 4.55e-10 s                  ; 4.49e-10 s                  ; No                         ; No                         ; 2.75 V                      ; 0.000247 V                  ; 2.85 V             ; -0.0711 V          ; 0.204 V                             ; 0.181 V                             ; 4.55e-10 s                 ; 4.49e-10 s                 ; No                        ; No                        ;
; GPIO[28]            ; 2.5 V        ; 0 s                 ; 0 s                 ; 2.75 V                       ; 0.000242 V                   ; 2.86 V              ; -0.0805 V           ; 0.358 V                              ; 0.156 V                              ; 3.01e-10 s                  ; 4.34e-10 s                  ; No                         ; No                         ; 2.75 V                      ; 0.000242 V                  ; 2.86 V             ; -0.0805 V          ; 0.358 V                             ; 0.156 V                             ; 3.01e-10 s                 ; 4.34e-10 s                 ; No                        ; No                        ;
; GPIO[29]            ; 2.5 V        ; 0 s                 ; 0 s                 ; 2.75 V                       ; 0.000213 V                   ; 2.79 V              ; -0.0324 V           ; 0.139 V                              ; 0.119 V                              ; 4.42e-10 s                  ; 4.33e-10 s                  ; No                         ; Yes                        ; 2.75 V                      ; 0.000213 V                  ; 2.79 V             ; -0.0324 V          ; 0.139 V                             ; 0.119 V                             ; 4.42e-10 s                 ; 4.33e-10 s                 ; No                        ; Yes                       ;
; GPIO[30]            ; 2.5 V        ; 0 s                 ; 0 s                 ; 2.75 V                       ; 0.000247 V                   ; 2.85 V              ; -0.0711 V           ; 0.204 V                              ; 0.181 V                              ; 4.55e-10 s                  ; 4.49e-10 s                  ; No                         ; No                         ; 2.75 V                      ; 0.000247 V                  ; 2.85 V             ; -0.0711 V          ; 0.204 V                             ; 0.181 V                             ; 4.55e-10 s                 ; 4.49e-10 s                 ; No                        ; No                        ;
; GPIO[31]            ; 2.5 V        ; 0 s                 ; 0 s                 ; 2.75 V                       ; 0.000213 V                   ; 2.79 V              ; -0.0324 V           ; 0.139 V                              ; 0.119 V                              ; 4.42e-10 s                  ; 4.33e-10 s                  ; No                         ; Yes                        ; 2.75 V                      ; 0.000213 V                  ; 2.79 V             ; -0.0324 V          ; 0.139 V                             ; 0.119 V                             ; 4.42e-10 s                 ; 4.33e-10 s                 ; No                        ; Yes                       ;
; GPIO[32]            ; 2.5 V        ; 0 s                 ; 0 s                 ; 2.75 V                       ; 0.000247 V                   ; 2.85 V              ; -0.0711 V           ; 0.204 V                              ; 0.181 V                              ; 4.55e-10 s                  ; 4.49e-10 s                  ; No                         ; No                         ; 2.75 V                      ; 0.000247 V                  ; 2.85 V             ; -0.0711 V          ; 0.204 V                             ; 0.181 V                             ; 4.55e-10 s                 ; 4.49e-10 s                 ; No                        ; No                        ;
; GPIO[33]            ; 2.5 V        ; 0 s                 ; 0 s                 ; 2.75 V                       ; 0.000247 V                   ; 2.85 V              ; -0.0711 V           ; 0.204 V                              ; 0.181 V                              ; 4.55e-10 s                  ; 4.49e-10 s                  ; No                         ; No                         ; 2.75 V                      ; 0.000247 V                  ; 2.85 V             ; -0.0711 V          ; 0.204 V                             ; 0.181 V                             ; 4.55e-10 s                 ; 4.49e-10 s                 ; No                        ; No                        ;
; GPIO[34]            ; 2.5 V        ; 0 s                 ; 0 s                 ; 2.75 V                       ; 0.000213 V                   ; 2.79 V              ; -0.0324 V           ; 0.139 V                              ; 0.119 V                              ; 4.42e-10 s                  ; 4.33e-10 s                  ; No                         ; Yes                        ; 2.75 V                      ; 0.000213 V                  ; 2.79 V             ; -0.0324 V          ; 0.139 V                             ; 0.119 V                             ; 4.42e-10 s                 ; 4.33e-10 s                 ; No                        ; Yes                       ;
; GPIO[35]            ; 2.5 V        ; 0 s                 ; 0 s                 ; 2.75 V                       ; 0.000247 V                   ; 2.85 V              ; -0.0711 V           ; 0.204 V                              ; 0.181 V                              ; 4.55e-10 s                  ; 4.49e-10 s                  ; No                         ; No                         ; 2.75 V                      ; 0.000247 V                  ; 2.85 V             ; -0.0711 V          ; 0.204 V                             ; 0.181 V                             ; 4.55e-10 s                 ; 4.49e-10 s                 ; No                        ; No                        ;
; GPIO[0]             ; 2.5 V        ; 0 s                 ; 0 s                 ; 2.75 V                       ; 0.000247 V                   ; 2.85 V              ; -0.0711 V           ; 0.204 V                              ; 0.181 V                              ; 4.55e-10 s                  ; 4.49e-10 s                  ; No                         ; No                         ; 2.75 V                      ; 0.000247 V                  ; 2.85 V             ; -0.0711 V          ; 0.204 V                             ; 0.181 V                             ; 4.55e-10 s                 ; 4.49e-10 s                 ; No                        ; No                        ;
; GPIO[2]             ; 2.5 V        ; 0 s                 ; 0 s                 ; 2.75 V                       ; 0.000213 V                   ; 2.79 V              ; -0.0324 V           ; 0.139 V                              ; 0.119 V                              ; 4.42e-10 s                  ; 4.33e-10 s                  ; No                         ; Yes                        ; 2.75 V                      ; 0.000213 V                  ; 2.79 V             ; -0.0324 V          ; 0.139 V                             ; 0.119 V                             ; 4.42e-10 s                 ; 4.33e-10 s                 ; No                        ; Yes                       ;
; GPIO[4]             ; 2.5 V        ; 0 s                 ; 0 s                 ; 2.75 V                       ; 0.000247 V                   ; 2.85 V              ; -0.0711 V           ; 0.204 V                              ; 0.181 V                              ; 4.55e-10 s                  ; 4.49e-10 s                  ; No                         ; No                         ; 2.75 V                      ; 0.000247 V                  ; 2.85 V             ; -0.0711 V          ; 0.204 V                             ; 0.181 V                             ; 4.55e-10 s                 ; 4.49e-10 s                 ; No                        ; No                        ;
; GPIO[6]             ; 2.5 V        ; 0 s                 ; 0 s                 ; 2.75 V                       ; 0.000213 V                   ; 2.79 V              ; -0.0324 V           ; 0.139 V                              ; 0.119 V                              ; 4.42e-10 s                  ; 4.33e-10 s                  ; No                         ; Yes                        ; 2.75 V                      ; 0.000213 V                  ; 2.79 V             ; -0.0324 V          ; 0.139 V                             ; 0.119 V                             ; 4.42e-10 s                 ; 4.33e-10 s                 ; No                        ; Yes                       ;
; altera_reserved_tdo ; 2.5 V        ; 0 s                 ; 0 s                 ; 2.75 V                       ; 0.000219 V                   ; 2.85 V              ; -0.0938 V           ; 0.339 V                              ; 0.156 V                              ; 3.08e-10 s                  ; 4.29e-10 s                  ; No                         ; No                         ; 2.75 V                      ; 0.000219 V                  ; 2.85 V             ; -0.0938 V          ; 0.339 V                             ; 0.156 V                             ; 3.08e-10 s                 ; 4.29e-10 s                 ; No                        ; No                        ;
+---------------------+--------------+---------------------+---------------------+------------------------------+------------------------------+---------------------+---------------------+--------------------------------------+--------------------------------------+-----------------------------+-----------------------------+----------------------------+----------------------------+-----------------------------+-----------------------------+--------------------+--------------------+-------------------------------------+-------------------------------------+----------------------------+----------------------------+---------------------------+---------------------------+


+---------------------------------------------------------------------------------------+
; Setup Transfers                                                                       ;
+---------------------+---------------------+----------+----------+----------+----------+
; From Clock          ; To Clock            ; RR Paths ; FR Paths ; RF Paths ; FF Paths ;
+---------------------+---------------------+----------+----------+----------+----------+
; altera_reserved_tck ; altera_reserved_tck ; 1509     ; 0        ; 38       ; 3        ;
+---------------------+---------------------+----------+----------+----------+----------+
Entries labeled "false path" only account for clock-to-clock false paths and not path-based false paths. As a result, actual path counts may be lower than reported.


+---------------------------------------------------------------------------------------+
; Hold Transfers                                                                        ;
+---------------------+---------------------+----------+----------+----------+----------+
; From Clock          ; To Clock            ; RR Paths ; FR Paths ; RF Paths ; FF Paths ;
+---------------------+---------------------+----------+----------+----------+----------+
; altera_reserved_tck ; altera_reserved_tck ; 1509     ; 0        ; 38       ; 3        ;
+---------------------+---------------------+----------+----------+----------+----------+
Entries labeled "false path" only account for clock-to-clock false paths and not path-based false paths. As a result, actual path counts may be lower than reported.


+---------------------------------------------------------------------------------------+
; Recovery Transfers                                                                    ;
+---------------------+---------------------+----------+----------+----------+----------+
; From Clock          ; To Clock            ; RR Paths ; FR Paths ; RF Paths ; FF Paths ;
+---------------------+---------------------+----------+----------+----------+----------+
; altera_reserved_tck ; altera_reserved_tck ; 70       ; 0        ; 2        ; 0        ;
+---------------------+---------------------+----------+----------+----------+----------+
Entries labeled "false path" only account for clock-to-clock false paths and not path-based false paths. As a result, actual path counts may be lower than reported.


+---------------------------------------------------------------------------------------+
; Removal Transfers                                                                     ;
+---------------------+---------------------+----------+----------+----------+----------+
; From Clock          ; To Clock            ; RR Paths ; FR Paths ; RF Paths ; FF Paths ;
+---------------------+---------------------+----------+----------+----------+----------+
; altera_reserved_tck ; altera_reserved_tck ; 70       ; 0        ; 2        ; 0        ;
+---------------------+---------------------+----------+----------+----------+----------+
Entries labeled "false path" only account for clock-to-clock false paths and not path-based false paths. As a result, actual path counts may be lower than reported.


---------------
; Report TCCS ;
---------------
No dedicated SERDES Transmitter circuitry present in device or used in design


---------------
; Report RSKM ;
---------------
No non-DPA dedicated SERDES Receiver circuitry present in device or used in design


+------------------------------------------------+
; Unconstrained Paths Summary                    ;
+---------------------------------+-------+------+
; Property                        ; Setup ; Hold ;
+---------------------------------+-------+------+
; Illegal Clocks                  ; 0     ; 0    ;
; Unconstrained Clocks            ; 1     ; 1    ;
; Unconstrained Input Ports       ; 3     ; 3    ;
; Unconstrained Input Port Paths  ; 59    ; 59   ;
; Unconstrained Output Ports      ; 25    ; 25   ;
; Unconstrained Output Port Paths ; 32    ; 32   ;
+---------------------------------+-------+------+


+------------------------------------------------------------------+
; Clock Status Summary                                             ;
+---------------------+---------------------+------+---------------+
; Target              ; Clock               ; Type ; Status        ;
+---------------------+---------------------+------+---------------+
; CLOCK_50            ;                     ; Base ; Unconstrained ;
; altera_reserved_tck ; altera_reserved_tck ; Base ; Constrained   ;
+---------------------+---------------------+------+---------------+


+------------------------------------------------------------------------------------------------------------+
; Unconstrained Input Ports                                                                                  ;
+---------------------+--------------------------------------------------------------------------------------+
; Input Port          ; Comment                                                                              ;
+---------------------+--------------------------------------------------------------------------------------+
; GPIO[2]             ; No input delay, min/max delays, false-path exceptions, or max skew assignments found ;
; altera_reserved_tdi ; No input delay, min/max delays, false-path exceptions, or max skew assignments found ;
; altera_reserved_tms ; No input delay, min/max delays, false-path exceptions, or max skew assignments found ;
+---------------------+--------------------------------------------------------------------------------------+


+-------------------------------------------------------------------------------------------------------------+
; Unconstrained Output Ports                                                                                  ;
+---------------------+---------------------------------------------------------------------------------------+
; Output Port         ; Comment                                                                               ;
+---------------------+---------------------------------------------------------------------------------------+
; GPIO[0]             ; No output delay, min/max delays, false-path exceptions, or max skew assignments found ;
; GPIO[4]             ; No output delay, min/max delays, false-path exceptions, or max skew assignments found ;
; GPIO[6]             ; No output delay, min/max delays, false-path exceptions, or max skew assignments found ;
; HEX0[0]             ; No output delay, min/max delays, false-path exceptions, or max skew assignments found ;
; HEX0[1]             ; No output delay, min/max delays, false-path exceptions, or max skew assignments found ;
; HEX0[2]             ; No output delay, min/max delays, false-path exceptions, or max skew assignments found ;
; HEX0[3]             ; No output delay, min/max delays, false-path exceptions, or max skew assignments found ;
; HEX0[4]             ; No output delay, min/max delays, false-path exceptions, or max skew assignments found ;
; HEX0[5]             ; No output delay, min/max delays, false-path exceptions, or max skew assignments found ;
; HEX0[6]             ; No output delay, min/max delays, false-path exceptions, or max skew assignments found ;
; HEX1[0]             ; No output delay, min/max delays, false-path exceptions, or max skew assignments found ;
; HEX1[1]             ; No output delay, min/max delays, false-path exceptions, or max skew assignments found ;
; HEX1[2]             ; No output delay, min/max delays, false-path exceptions, or max skew assignments found ;
; HEX1[3]             ; No output delay, min/max delays, false-path exceptions, or max skew assignments found ;
; HEX1[4]             ; No output delay, min/max delays, false-path exceptions, or max skew assignments found ;
; HEX1[5]             ; No output delay, min/max delays, false-path exceptions, or max skew assignments found ;
; HEX1[6]             ; No output delay, min/max delays, false-path exceptions, or max skew assignments found ;
; HEX2[0]             ; No output delay, min/max delays, false-path exceptions, or max skew assignments found ;
; HEX2[1]             ; No output delay, min/max delays, false-path exceptions, or max skew assignments found ;
; HEX2[2]             ; No output delay, min/max delays, false-path exceptions, or max skew assignments found ;
; HEX2[3]             ; No output delay, min/max delays, false-path exceptions, or max skew assignments found ;
; HEX2[4]             ; No output delay, min/max delays, false-path exceptions, or max skew assignments found ;
; HEX2[5]             ; No output delay, min/max delays, false-path exceptions, or max skew assignments found ;
; HEX2[6]             ; No output delay, min/max delays, false-path exceptions, or max skew assignments found ;
; altera_reserved_tdo ; No output delay, min/max delays, false-path exceptions, or max skew assignments found ;
+---------------------+---------------------------------------------------------------------------------------+


+------------------------------------------------------------------------------------------------------------+
; Unconstrained Input Ports                                                                                  ;
+---------------------+--------------------------------------------------------------------------------------+
; Input Port          ; Comment                                                                              ;
+---------------------+--------------------------------------------------------------------------------------+
; GPIO[2]             ; No input delay, min/max delays, false-path exceptions, or max skew assignments found ;
; altera_reserved_tdi ; No input delay, min/max delays, false-path exceptions, or max skew assignments found ;
; altera_reserved_tms ; No input delay, min/max delays, false-path exceptions, or max skew assignments found ;
+---------------------+--------------------------------------------------------------------------------------+


+-------------------------------------------------------------------------------------------------------------+
; Unconstrained Output Ports                                                                                  ;
+---------------------+---------------------------------------------------------------------------------------+
; Output Port         ; Comment                                                                               ;
+---------------------+---------------------------------------------------------------------------------------+
; GPIO[0]             ; No output delay, min/max delays, false-path exceptions, or max skew assignments found ;
; GPIO[4]             ; No output delay, min/max delays, false-path exceptions, or max skew assignments found ;
; GPIO[6]             ; No output delay, min/max delays, false-path exceptions, or max skew assignments found ;
; HEX0[0]             ; No output delay, min/max delays, false-path exceptions, or max skew assignments found ;
; HEX0[1]             ; No output delay, min/max delays, false-path exceptions, or max skew assignments found ;
; HEX0[2]             ; No output delay, min/max delays, false-path exceptions, or max skew assignments found ;
; HEX0[3]             ; No output delay, min/max delays, false-path exceptions, or max skew assignments found ;
; HEX0[4]             ; No output delay, min/max delays, false-path exceptions, or max skew assignments found ;
; HEX0[5]             ; No output delay, min/max delays, false-path exceptions, or max skew assignments found ;
; HEX0[6]             ; No output delay, min/max delays, false-path exceptions, or max skew assignments found ;
; HEX1[0]             ; No output delay, min/max delays, false-path exceptions, or max skew assignments found ;
; HEX1[1]             ; No output delay, min/max delays, false-path exceptions, or max skew assignments found ;
; HEX1[2]             ; No output delay, min/max delays, false-path exceptions, or max skew assignments found ;
; HEX1[3]             ; No output delay, min/max delays, false-path exceptions, or max skew assignments found ;
; HEX1[4]             ; No output delay, min/max delays, false-path exceptions, or max skew assignments found ;
; HEX1[5]             ; No output delay, min/max delays, false-path exceptions, or max skew assignments found ;
; HEX1[6]             ; No output delay, min/max delays, false-path exceptions, or max skew assignments found ;
; HEX2[0]             ; No output delay, min/max delays, false-path exceptions, or max skew assignments found ;
; HEX2[1]             ; No output delay, min/max delays, false-path exceptions, or max skew assignments found ;
; HEX2[2]             ; No output delay, min/max delays, false-path exceptions, or max skew assignments found ;
; HEX2[3]             ; No output delay, min/max delays, false-path exceptions, or max skew assignments found ;
; HEX2[4]             ; No output delay, min/max delays, false-path exceptions, or max skew assignments found ;
; HEX2[5]             ; No output delay, min/max delays, false-path exceptions, or max skew assignments found ;
; HEX2[6]             ; No output delay, min/max delays, false-path exceptions, or max skew assignments found ;
; altera_reserved_tdo ; No output delay, min/max delays, false-path exceptions, or max skew assignments found ;
+---------------------+---------------------------------------------------------------------------------------+


+--------------------------+
; Timing Analyzer Messages ;
+--------------------------+
Info: *******************************************************************
Info: Running Quartus Prime Timing Analyzer
    Info: Version 18.1.0 Build 625 09/12/2018 SJ Lite Edition
    Info: Processing started: Thu Dec 18 14:20:07 2025
Info: Command: quartus_sta DOAN_SOC -c DOAN_SOC
Info: qsta_default_script.tcl version: #1
Warning (20013): Ignored 447 assignments for entity "DE10_Standard_VIP_TV" -- entity does not exist in design
    Warning (20014): Assignment for entity set_instance_assignment -name IO_STANDARD "3.3-V LVTTL" -to ADC_CONVST -entity DE10_Standard_VIP_TV was ignored
    Warning (20014): Assignment for entity set_instance_assignment -name IO_STANDARD "3.3-V LVTTL" -to ADC_DIN -entity DE10_Standard_VIP_TV was ignored
    Warning (20014): Assignment for entity set_instance_assignment -name IO_STANDARD "3.3-V LVTTL" -to ADC_DOUT -entity DE10_Standard_VIP_TV was ignored
    Warning (20014): Assignment for entity set_instance_assignment -name IO_STANDARD "3.3-V LVTTL" -to ADC_SCLK -entity DE10_Standard_VIP_TV was ignored
    Warning (20014): Assignment for entity set_instance_assignment -name IO_STANDARD "3.3-V LVTTL" -to AUD_ADCDAT -entity DE10_Standard_VIP_TV was ignored
    Warning (20014): Assignment for entity set_instance_assignment -name IO_STANDARD "3.3-V LVTTL" -to AUD_ADCLRCK -entity DE10_Standard_VIP_TV was ignored
    Warning (20014): Assignment for entity set_instance_assignment -name IO_STANDARD "3.3-V LVTTL" -to AUD_BCLK -entity DE10_Standard_VIP_TV was ignored
    Warning (20014): Assignment for entity set_instance_assignment -name IO_STANDARD "3.3-V LVTTL" -to AUD_DACDAT -entity DE10_Standard_VIP_TV was ignored
    Warning (20014): Assignment for entity set_instance_assignment -name IO_STANDARD "3.3-V LVTTL" -to AUD_DACLRCK -entity DE10_Standard_VIP_TV was ignored
    Warning (20014): Assignment for entity set_instance_assignment -name IO_STANDARD "3.3-V LVTTL" -to AUD_XCK -entity DE10_Standard_VIP_TV was ignored
    Warning (20014): Assignment for entity set_instance_assignment -name IO_STANDARD "3.3-V LVTTL" -to CLOCK2_50 -entity DE10_Standard_VIP_TV was ignored
    Warning (20014): Assignment for entity set_instance_assignment -name IO_STANDARD "2.5 V" -to CLOCK3_50 -entity DE10_Standard_VIP_TV was ignored
    Warning (20014): Assignment for entity set_instance_assignment -name IO_STANDARD "3.3-V LVTTL" -to CLOCK4_50 -entity DE10_Standard_VIP_TV was ignored
    Warning (20014): Assignment for entity set_instance_assignment -name IO_STANDARD "3.3-V LVTTL" -to CLOCK_50 -entity DE10_Standard_VIP_TV was ignored
    Warning (20014): Assignment for entity set_instance_assignment -name IO_STANDARD "3.3-V LVTTL" -to DRAM_ADDR[0] -entity DE10_Standard_VIP_TV was ignored
    Warning (20014): Assignment for entity set_instance_assignment -name IO_STANDARD "3.3-V LVTTL" -to DRAM_ADDR[10] -entity DE10_Standard_VIP_TV was ignored
    Warning (20014): Assignment for entity set_instance_assignment -name IO_STANDARD "3.3-V LVTTL" -to DRAM_ADDR[11] -entity DE10_Standard_VIP_TV was ignored
    Warning (20014): Assignment for entity set_instance_assignment -name IO_STANDARD "3.3-V LVTTL" -to DRAM_ADDR[12] -entity DE10_Standard_VIP_TV was ignored
    Warning (20014): Assignment for entity set_instance_assignment -name IO_STANDARD "3.3-V LVTTL" -to DRAM_ADDR[1] -entity DE10_Standard_VIP_TV was ignored
    Warning (20014): Assignment for entity set_instance_assignment -name IO_STANDARD "3.3-V LVTTL" -to DRAM_ADDR[2] -entity DE10_Standard_VIP_TV was ignored
    Warning (20014): Assignment for entity set_instance_assignment -name IO_STANDARD "3.3-V LVTTL" -to DRAM_ADDR[3] -entity DE10_Standard_VIP_TV was ignored
    Warning (20014): Assignment for entity set_instance_assignment -name IO_STANDARD "3.3-V LVTTL" -to DRAM_ADDR[4] -entity DE10_Standard_VIP_TV was ignored
    Warning (20014): Assignment for entity set_instance_assignment -name IO_STANDARD "3.3-V LVTTL" -to DRAM_ADDR[5] -entity DE10_Standard_VIP_TV was ignored
    Warning (20014): Assignment for entity set_instance_assignment -name IO_STANDARD "3.3-V LVTTL" -to DRAM_ADDR[6] -entity DE10_Standard_VIP_TV was ignored
    Warning (20014): Assignment for entity set_instance_assignment -name IO_STANDARD "3.3-V LVTTL" -to DRAM_ADDR[7] -entity DE10_Standard_VIP_TV was ignored
    Warning (20014): Assignment for entity set_instance_assignment -name IO_STANDARD "3.3-V LVTTL" -to DRAM_ADDR[8] -entity DE10_Standard_VIP_TV was ignored
    Warning (20014): Assignment for entity set_instance_assignment -name IO_STANDARD "3.3-V LVTTL" -to DRAM_ADDR[9] -entity DE10_Standard_VIP_TV was ignored
    Warning (20014): Assignment for entity set_instance_assignment -name IO_STANDARD "3.3-V LVTTL" -to DRAM_BA[0] -entity DE10_Standard_VIP_TV was ignored
    Warning (20014): Assignment for entity set_instance_assignment -name IO_STANDARD "3.3-V LVTTL" -to DRAM_BA[1] -entity DE10_Standard_VIP_TV was ignored
    Warning (20014): Assignment for entity set_instance_assignment -name IO_STANDARD "3.3-V LVTTL" -to DRAM_CAS_N -entity DE10_Standard_VIP_TV was ignored
    Warning (20014): Assignment for entity set_instance_assignment -name IO_STANDARD "3.3-V LVTTL" -to DRAM_CKE -entity DE10_Standard_VIP_TV was ignored
    Warning (20014): Assignment for entity set_instance_assignment -name IO_STANDARD "3.3-V LVTTL" -to DRAM_CLK -entity DE10_Standard_VIP_TV was ignored
    Warning (20014): Assignment for entity set_instance_assignment -name IO_STANDARD "3.3-V LVTTL" -to DRAM_CS_N -entity DE10_Standard_VIP_TV was ignored
    Warning (20014): Assignment for entity set_instance_assignment -name IO_STANDARD "3.3-V LVTTL" -to DRAM_DQ[0] -entity DE10_Standard_VIP_TV was ignored
    Warning (20014): Assignment for entity set_instance_assignment -name IO_STANDARD "3.3-V LVTTL" -to DRAM_DQ[10] -entity DE10_Standard_VIP_TV was ignored
    Warning (20014): Assignment for entity set_instance_assignment -name IO_STANDARD "3.3-V LVTTL" -to DRAM_DQ[11] -entity DE10_Standard_VIP_TV was ignored
    Warning (20014): Assignment for entity set_instance_assignment -name IO_STANDARD "3.3-V LVTTL" -to DRAM_DQ[12] -entity DE10_Standard_VIP_TV was ignored
    Warning (20014): Assignment for entity set_instance_assignment -name IO_STANDARD "3.3-V LVTTL" -to DRAM_DQ[13] -entity DE10_Standard_VIP_TV was ignored
    Warning (20014): Assignment for entity set_instance_assignment -name IO_STANDARD "3.3-V LVTTL" -to DRAM_DQ[14] -entity DE10_Standard_VIP_TV was ignored
    Warning (20014): Assignment for entity set_instance_assignment -name IO_STANDARD "3.3-V LVTTL" -to DRAM_DQ[15] -entity DE10_Standard_VIP_TV was ignored
    Warning (20014): Assignment for entity set_instance_assignment -name IO_STANDARD "3.3-V LVTTL" -to DRAM_DQ[1] -entity DE10_Standard_VIP_TV was ignored
    Warning (20014): Assignment for entity set_instance_assignment -name IO_STANDARD "3.3-V LVTTL" -to DRAM_DQ[2] -entity DE10_Standard_VIP_TV was ignored
    Warning (20014): Assignment for entity set_instance_assignment -name IO_STANDARD "3.3-V LVTTL" -to DRAM_DQ[3] -entity DE10_Standard_VIP_TV was ignored
    Warning (20014): Assignment for entity set_instance_assignment -name IO_STANDARD "3.3-V LVTTL" -to DRAM_DQ[4] -entity DE10_Standard_VIP_TV was ignored
    Warning (20014): Assignment for entity set_instance_assignment -name IO_STANDARD "3.3-V LVTTL" -to DRAM_DQ[5] -entity DE10_Standard_VIP_TV was ignored
    Warning (20014): Assignment for entity set_instance_assignment -name IO_STANDARD "3.3-V LVTTL" -to DRAM_DQ[6] -entity DE10_Standard_VIP_TV was ignored
    Warning (20014): Assignment for entity set_instance_assignment -name IO_STANDARD "3.3-V LVTTL" -to DRAM_DQ[7] -entity DE10_Standard_VIP_TV was ignored
    Warning (20014): Assignment for entity set_instance_assignment -name IO_STANDARD "3.3-V LVTTL" -to DRAM_DQ[8] -entity DE10_Standard_VIP_TV was ignored
    Warning (20014): Assignment for entity set_instance_assignment -name IO_STANDARD "3.3-V LVTTL" -to DRAM_DQ[9] -entity DE10_Standard_VIP_TV was ignored
    Warning (20014): Assignment for entity set_instance_assignment -name IO_STANDARD "3.3-V LVTTL" -to DRAM_LDQM -entity DE10_Standard_VIP_TV was ignored
    Warning (20014): Assignment for entity set_instance_assignment -name IO_STANDARD "3.3-V LVTTL" -to DRAM_RAS_N -entity DE10_Standard_VIP_TV was ignored
    Warning (20014): Assignment for entity set_instance_assignment -name IO_STANDARD "3.3-V LVTTL" -to DRAM_UDQM -entity DE10_Standard_VIP_TV was ignored
    Warning (20014): Assignment for entity set_instance_assignment -name IO_STANDARD "3.3-V LVTTL" -to DRAM_WE_N -entity DE10_Standard_VIP_TV was ignored
    Warning (20014): Assignment for entity set_instance_assignment -name IO_STANDARD "3.3-V LVTTL" -to FPGA_I2C_SCLK -entity DE10_Standard_VIP_TV was ignored
    Warning (20014): Assignment for entity set_instance_assignment -name IO_STANDARD "3.3-V LVTTL" -to FPGA_I2C_SDAT -entity DE10_Standard_VIP_TV was ignored
    Warning (20014): Assignment for entity set_instance_assignment -name IO_STANDARD "3.3-V LVTTL" -to GPIO[0] -entity DE10_Standard_VIP_TV was ignored
    Warning (20014): Assignment for entity set_instance_assignment -name IO_STANDARD "3.3-V LVTTL" -to GPIO[10] -entity DE10_Standard_VIP_TV was ignored
    Warning (20014): Assignment for entity set_instance_assignment -name IO_STANDARD "3.3-V LVTTL" -to GPIO[11] -entity DE10_Standard_VIP_TV was ignored
    Warning (20014): Assignment for entity set_instance_assignment -name IO_STANDARD "3.3-V LVTTL" -to GPIO[12] -entity DE10_Standard_VIP_TV was ignored
    Warning (20014): Assignment for entity set_instance_assignment -name IO_STANDARD "3.3-V LVTTL" -to GPIO[13] -entity DE10_Standard_VIP_TV was ignored
    Warning (20014): Assignment for entity set_instance_assignment -name IO_STANDARD "3.3-V LVTTL" -to GPIO[14] -entity DE10_Standard_VIP_TV was ignored
    Warning (20014): Assignment for entity set_instance_assignment -name IO_STANDARD "3.3-V LVTTL" -to GPIO[15] -entity DE10_Standard_VIP_TV was ignored
    Warning (20014): Assignment for entity set_instance_assignment -name IO_STANDARD "3.3-V LVTTL" -to GPIO[16] -entity DE10_Standard_VIP_TV was ignored
    Warning (20014): Assignment for entity set_instance_assignment -name IO_STANDARD "3.3-V LVTTL" -to GPIO[17] -entity DE10_Standard_VIP_TV was ignored
    Warning (20014): Assignment for entity set_instance_assignment -name IO_STANDARD "3.3-V LVTTL" -to GPIO[18] -entity DE10_Standard_VIP_TV was ignored
    Warning (20014): Assignment for entity set_instance_assignment -name IO_STANDARD "3.3-V LVTTL" -to GPIO[19] -entity DE10_Standard_VIP_TV was ignored
    Warning (20014): Assignment for entity set_instance_assignment -name IO_STANDARD "3.3-V LVTTL" -to GPIO[1] -entity DE10_Standard_VIP_TV was ignored
    Warning (20014): Assignment for entity set_instance_assignment -name IO_STANDARD "3.3-V LVTTL" -to GPIO[20] -entity DE10_Standard_VIP_TV was ignored
    Warning (20014): Assignment for entity set_instance_assignment -name IO_STANDARD "3.3-V LVTTL" -to GPIO[21] -entity DE10_Standard_VIP_TV was ignored
    Warning (20014): Assignment for entity set_instance_assignment -name IO_STANDARD "3.3-V LVTTL" -to GPIO[22] -entity DE10_Standard_VIP_TV was ignored
    Warning (20014): Assignment for entity set_instance_assignment -name IO_STANDARD "3.3-V LVTTL" -to GPIO[23] -entity DE10_Standard_VIP_TV was ignored
    Warning (20014): Assignment for entity set_instance_assignment -name IO_STANDARD "3.3-V LVTTL" -to GPIO[24] -entity DE10_Standard_VIP_TV was ignored
    Warning (20014): Assignment for entity set_instance_assignment -name IO_STANDARD "3.3-V LVTTL" -to GPIO[25] -entity DE10_Standard_VIP_TV was ignored
    Warning (20014): Assignment for entity set_instance_assignment -name IO_STANDARD "3.3-V LVTTL" -to GPIO[26] -entity DE10_Standard_VIP_TV was ignored
    Warning (20014): Assignment for entity set_instance_assignment -name IO_STANDARD "3.3-V LVTTL" -to GPIO[27] -entity DE10_Standard_VIP_TV was ignored
    Warning (20014): Assignment for entity set_instance_assignment -name IO_STANDARD "3.3-V LVTTL" -to GPIO[28] -entity DE10_Standard_VIP_TV was ignored
    Warning (20014): Assignment for entity set_instance_assignment -name IO_STANDARD "3.3-V LVTTL" -to GPIO[29] -entity DE10_Standard_VIP_TV was ignored
    Warning (20014): Assignment for entity set_instance_assignment -name IO_STANDARD "3.3-V LVTTL" -to GPIO[2] -entity DE10_Standard_VIP_TV was ignored
    Warning (20014): Assignment for entity set_instance_assignment -name IO_STANDARD "3.3-V LVTTL" -to GPIO[30] -entity DE10_Standard_VIP_TV was ignored
    Warning (20014): Assignment for entity set_instance_assignment -name IO_STANDARD "3.3-V LVTTL" -to GPIO[31] -entity DE10_Standard_VIP_TV was ignored
    Warning (20014): Assignment for entity set_instance_assignment -name IO_STANDARD "3.3-V LVTTL" -to GPIO[32] -entity DE10_Standard_VIP_TV was ignored
    Warning (20014): Assignment for entity set_instance_assignment -name IO_STANDARD "3.3-V LVTTL" -to GPIO[33] -entity DE10_Standard_VIP_TV was ignored
    Warning (20014): Assignment for entity set_instance_assignment -name IO_STANDARD "3.3-V LVTTL" -to GPIO[34] -entity DE10_Standard_VIP_TV was ignored
    Warning (20014): Assignment for entity set_instance_assignment -name IO_STANDARD "3.3-V LVTTL" -to GPIO[35] -entity DE10_Standard_VIP_TV was ignored
    Warning (20014): Assignment for entity set_instance_assignment -name IO_STANDARD "3.3-V LVTTL" -to GPIO[3] -entity DE10_Standard_VIP_TV was ignored
    Warning (20014): Assignment for entity set_instance_assignment -name IO_STANDARD "3.3-V LVTTL" -to GPIO[4] -entity DE10_Standard_VIP_TV was ignored
    Warning (20014): Assignment for entity set_instance_assignment -name IO_STANDARD "3.3-V LVTTL" -to GPIO[5] -entity DE10_Standard_VIP_TV was ignored
    Warning (20014): Assignment for entity set_instance_assignment -name IO_STANDARD "3.3-V LVTTL" -to GPIO[6] -entity DE10_Standard_VIP_TV was ignored
    Warning (20014): Assignment for entity set_instance_assignment -name IO_STANDARD "3.3-V LVTTL" -to GPIO[7] -entity DE10_Standard_VIP_TV was ignored
    Warning (20014): Assignment for entity set_instance_assignment -name IO_STANDARD "3.3-V LVTTL" -to GPIO[8] -entity DE10_Standard_VIP_TV was ignored
    Warning (20014): Assignment for entity set_instance_assignment -name IO_STANDARD "3.3-V LVTTL" -to GPIO[9] -entity DE10_Standard_VIP_TV was ignored
    Warning (20014): Assignment for entity set_instance_assignment -name IO_STANDARD "3.3-V LVTTL" -to HEX0[0] -entity DE10_Standard_VIP_TV was ignored
    Warning (20014): Assignment for entity set_instance_assignment -name IO_STANDARD "3.3-V LVTTL" -to HEX0[1] -entity DE10_Standard_VIP_TV was ignored
    Warning (20014): Assignment for entity set_instance_assignment -name IO_STANDARD "3.3-V LVTTL" -to HEX0[2] -entity DE10_Standard_VIP_TV was ignored
    Warning (20014): Assignment for entity set_instance_assignment -name IO_STANDARD "3.3-V LVTTL" -to HEX0[3] -entity DE10_Standard_VIP_TV was ignored
    Warning (20014): Assignment for entity set_instance_assignment -name IO_STANDARD "3.3-V LVTTL" -to HEX0[4] -entity DE10_Standard_VIP_TV was ignored
    Warning (20014): Assignment for entity set_instance_assignment -name IO_STANDARD "3.3-V LVTTL" -to HEX0[5] -entity DE10_Standard_VIP_TV was ignored
    Warning (20014): Assignment for entity set_instance_assignment -name IO_STANDARD "3.3-V LVTTL" -to HEX0[6] -entity DE10_Standard_VIP_TV was ignored
    Warning (20014): Assignment for entity set_instance_assignment -name IO_STANDARD "3.3-V LVTTL" -to HEX1[0] -entity DE10_Standard_VIP_TV was ignored
    Warning (20014): Assignment for entity set_instance_assignment -name IO_STANDARD "3.3-V LVTTL" -to HEX1[1] -entity DE10_Standard_VIP_TV was ignored
    Warning (20014): Assignment for entity set_instance_assignment -name IO_STANDARD "3.3-V LVTTL" -to HEX1[2] -entity DE10_Standard_VIP_TV was ignored
    Warning (20014): Assignment for entity set_instance_assignment -name IO_STANDARD "3.3-V LVTTL" -to HEX1[3] -entity DE10_Standard_VIP_TV was ignored
    Warning (20014): Assignment for entity set_instance_assignment -name IO_STANDARD "3.3-V LVTTL" -to HEX1[4] -entity DE10_Standard_VIP_TV was ignored
    Warning (20014): Assignment for entity set_instance_assignment -name IO_STANDARD "3.3-V LVTTL" -to HEX1[5] -entity DE10_Standard_VIP_TV was ignored
    Warning (20014): Assignment for entity set_instance_assignment -name IO_STANDARD "3.3-V LVTTL" -to HEX1[6] -entity DE10_Standard_VIP_TV was ignored
    Warning (20014): Assignment for entity set_instance_assignment -name IO_STANDARD "3.3-V LVTTL" -to HEX2[0] -entity DE10_Standard_VIP_TV was ignored
    Warning (20014): Assignment for entity set_instance_assignment -name IO_STANDARD "3.3-V LVTTL" -to HEX2[1] -entity DE10_Standard_VIP_TV was ignored
    Warning (20014): Assignment for entity set_instance_assignment -name IO_STANDARD "3.3-V LVTTL" -to HEX2[2] -entity DE10_Standard_VIP_TV was ignored
    Warning (20014): Assignment for entity set_instance_assignment -name IO_STANDARD "3.3-V LVTTL" -to HEX2[3] -entity DE10_Standard_VIP_TV was ignored
    Warning (20014): Assignment for entity set_instance_assignment -name IO_STANDARD "3.3-V LVTTL" -to HEX2[4] -entity DE10_Standard_VIP_TV was ignored
    Warning (20014): Assignment for entity set_instance_assignment -name IO_STANDARD "3.3-V LVTTL" -to HEX2[5] -entity DE10_Standard_VIP_TV was ignored
    Warning (20014): Assignment for entity set_instance_assignment -name IO_STANDARD "3.3-V LVTTL" -to HEX2[6] -entity DE10_Standard_VIP_TV was ignored
    Warning (20014): Assignment for entity set_instance_assignment -name IO_STANDARD "3.3-V LVTTL" -to HEX3[0] -entity DE10_Standard_VIP_TV was ignored
    Warning (20014): Assignment for entity set_instance_assignment -name IO_STANDARD "3.3-V LVTTL" -to HEX3[1] -entity DE10_Standard_VIP_TV was ignored
    Warning (20014): Assignment for entity set_instance_assignment -name IO_STANDARD "3.3-V LVTTL" -to HEX3[2] -entity DE10_Standard_VIP_TV was ignored
    Warning (20014): Assignment for entity set_instance_assignment -name IO_STANDARD "3.3-V LVTTL" -to HEX3[3] -entity DE10_Standard_VIP_TV was ignored
    Warning (20014): Assignment for entity set_instance_assignment -name IO_STANDARD "3.3-V LVTTL" -to HEX3[4] -entity DE10_Standard_VIP_TV was ignored
    Warning (20014): Assignment for entity set_instance_assignment -name IO_STANDARD "3.3-V LVTTL" -to HEX3[5] -entity DE10_Standard_VIP_TV was ignored
    Warning (20014): Assignment for entity set_instance_assignment -name IO_STANDARD "3.3-V LVTTL" -to HEX3[6] -entity DE10_Standard_VIP_TV was ignored
    Warning (20014): Assignment for entity set_instance_assignment -name IO_STANDARD "3.3-V LVTTL" -to HEX4[0] -entity DE10_Standard_VIP_TV was ignored
    Warning (20014): Assignment for entity set_instance_assignment -name IO_STANDARD "3.3-V LVTTL" -to HEX4[1] -entity DE10_Standard_VIP_TV was ignored
    Warning (20014): Assignment for entity set_instance_assignment -name IO_STANDARD "3.3-V LVTTL" -to HEX4[2] -entity DE10_Standard_VIP_TV was ignored
    Warning (20014): Assignment for entity set_instance_assignment -name IO_STANDARD "3.3-V LVTTL" -to HEX4[3] -entity DE10_Standard_VIP_TV was ignored
    Warning (20014): Assignment for entity set_instance_assignment -name IO_STANDARD "3.3-V LVTTL" -to HEX4[4] -entity DE10_Standard_VIP_TV was ignored
    Warning (20014): Assignment for entity set_instance_assignment -name IO_STANDARD "3.3-V LVTTL" -to HEX4[5] -entity DE10_Standard_VIP_TV was ignored
    Warning (20014): Assignment for entity set_instance_assignment -name IO_STANDARD "3.3-V LVTTL" -to HEX4[6] -entity DE10_Standard_VIP_TV was ignored
    Warning (20014): Assignment for entity set_instance_assignment -name IO_STANDARD "3.3-V LVTTL" -to HEX5[0] -entity DE10_Standard_VIP_TV was ignored
    Warning (20014): Assignment for entity set_instance_assignment -name IO_STANDARD "3.3-V LVTTL" -to HEX5[1] -entity DE10_Standard_VIP_TV was ignored
    Warning (20014): Assignment for entity set_instance_assignment -name IO_STANDARD "3.3-V LVTTL" -to HEX5[2] -entity DE10_Standard_VIP_TV was ignored
    Warning (20014): Assignment for entity set_instance_assignment -name IO_STANDARD "3.3-V LVTTL" -to HEX5[3] -entity DE10_Standard_VIP_TV was ignored
    Warning (20014): Assignment for entity set_instance_assignment -name IO_STANDARD "3.3-V LVTTL" -to HEX5[4] -entity DE10_Standard_VIP_TV was ignored
    Warning (20014): Assignment for entity set_instance_assignment -name IO_STANDARD "3.3-V LVTTL" -to HEX5[5] -entity DE10_Standard_VIP_TV was ignored
    Warning (20014): Assignment for entity set_instance_assignment -name IO_STANDARD "3.3-V LVTTL" -to HEX5[6] -entity DE10_Standard_VIP_TV was ignored
    Warning (20014): Assignment for entity set_instance_assignment -name IO_STANDARD "3.3-V LVTTL" -to HPS_CONV_USB_N -entity DE10_Standard_VIP_TV was ignored
    Warning (20014): Assignment for entity set_instance_assignment -name IO_STANDARD "SSTL-15 CLASS I" -to HPS_DDR3_ADDR[0] -entity DE10_Standard_VIP_TV was ignored
    Warning (20014): Assignment for entity set_instance_assignment -name IO_STANDARD "SSTL-15 CLASS I" -to HPS_DDR3_ADDR[10] -entity DE10_Standard_VIP_TV was ignored
    Warning (20014): Assignment for entity set_instance_assignment -name IO_STANDARD "SSTL-15 CLASS I" -to HPS_DDR3_ADDR[11] -entity DE10_Standard_VIP_TV was ignored
    Warning (20014): Assignment for entity set_instance_assignment -name IO_STANDARD "SSTL-15 CLASS I" -to HPS_DDR3_ADDR[12] -entity DE10_Standard_VIP_TV was ignored
    Warning (20014): Assignment for entity set_instance_assignment -name IO_STANDARD "SSTL-15 CLASS I" -to HPS_DDR3_ADDR[13] -entity DE10_Standard_VIP_TV was ignored
    Warning (20014): Assignment for entity set_instance_assignment -name IO_STANDARD "SSTL-15 CLASS I" -to HPS_DDR3_ADDR[14] -entity DE10_Standard_VIP_TV was ignored
    Warning (20014): Assignment for entity set_instance_assignment -name IO_STANDARD "SSTL-15 CLASS I" -to HPS_DDR3_ADDR[1] -entity DE10_Standard_VIP_TV was ignored
    Warning (20014): Assignment for entity set_instance_assignment -name IO_STANDARD "SSTL-15 CLASS I" -to HPS_DDR3_ADDR[2] -entity DE10_Standard_VIP_TV was ignored
    Warning (20014): Assignment for entity set_instance_assignment -name IO_STANDARD "SSTL-15 CLASS I" -to HPS_DDR3_ADDR[3] -entity DE10_Standard_VIP_TV was ignored
    Warning (20014): Assignment for entity set_instance_assignment -name IO_STANDARD "SSTL-15 CLASS I" -to HPS_DDR3_ADDR[4] -entity DE10_Standard_VIP_TV was ignored
    Warning (20014): Assignment for entity set_instance_assignment -name IO_STANDARD "SSTL-15 CLASS I" -to HPS_DDR3_ADDR[5] -entity DE10_Standard_VIP_TV was ignored
    Warning (20014): Assignment for entity set_instance_assignment -name IO_STANDARD "SSTL-15 CLASS I" -to HPS_DDR3_ADDR[6] -entity DE10_Standard_VIP_TV was ignored
    Warning (20014): Assignment for entity set_instance_assignment -name IO_STANDARD "SSTL-15 CLASS I" -to HPS_DDR3_ADDR[7] -entity DE10_Standard_VIP_TV was ignored
    Warning (20014): Assignment for entity set_instance_assignment -name IO_STANDARD "SSTL-15 CLASS I" -to HPS_DDR3_ADDR[8] -entity DE10_Standard_VIP_TV was ignored
    Warning (20014): Assignment for entity set_instance_assignment -name IO_STANDARD "SSTL-15 CLASS I" -to HPS_DDR3_ADDR[9] -entity DE10_Standard_VIP_TV was ignored
    Warning (20014): Assignment for entity set_instance_assignment -name IO_STANDARD "SSTL-15 CLASS I" -to HPS_DDR3_BA[0] -entity DE10_Standard_VIP_TV was ignored
    Warning (20014): Assignment for entity set_instance_assignment -name IO_STANDARD "SSTL-15 CLASS I" -to HPS_DDR3_BA[1] -entity DE10_Standard_VIP_TV was ignored
    Warning (20014): Assignment for entity set_instance_assignment -name IO_STANDARD "SSTL-15 CLASS I" -to HPS_DDR3_BA[2] -entity DE10_Standard_VIP_TV was ignored
    Warning (20014): Assignment for entity set_instance_assignment -name IO_STANDARD "SSTL-15 CLASS I" -to HPS_DDR3_CAS_N -entity DE10_Standard_VIP_TV was ignored
    Warning (20014): Assignment for entity set_instance_assignment -name IO_STANDARD "SSTL-15 CLASS I" -to HPS_DDR3_CKE -entity DE10_Standard_VIP_TV was ignored
    Warning (20014): Assignment for entity set_instance_assignment -name IO_STANDARD "DIFFERENTIAL 1.5-V SSTL CLASS I" -to HPS_DDR3_CK_N -entity DE10_Standard_VIP_TV was ignored
    Warning (20014): Assignment for entity set_instance_assignment -name IO_STANDARD "DIFFERENTIAL 1.5-V SSTL CLASS I" -to HPS_DDR3_CK_P -entity DE10_Standard_VIP_TV was ignored
    Warning (20014): Assignment for entity set_instance_assignment -name IO_STANDARD "SSTL-15 CLASS I" -to HPS_DDR3_CS_N -entity DE10_Standard_VIP_TV was ignored
    Warning (20014): Assignment for entity set_instance_assignment -name IO_STANDARD "SSTL-15 CLASS I" -to HPS_DDR3_DM[0] -entity DE10_Standard_VIP_TV was ignored
    Warning (20014): Assignment for entity set_instance_assignment -name IO_STANDARD "SSTL-15 CLASS I" -to HPS_DDR3_DM[1] -entity DE10_Standard_VIP_TV was ignored
    Warning (20014): Assignment for entity set_instance_assignment -name IO_STANDARD "SSTL-15 CLASS I" -to HPS_DDR3_DM[2] -entity DE10_Standard_VIP_TV was ignored
    Warning (20014): Assignment for entity set_instance_assignment -name IO_STANDARD "SSTL-15 CLASS I" -to HPS_DDR3_DM[3] -entity DE10_Standard_VIP_TV was ignored
    Warning (20014): Assignment for entity set_instance_assignment -name IO_STANDARD "DIFFERENTIAL 1.5-V SSTL CLASS I" -to HPS_DDR3_DQS_N[0] -entity DE10_Standard_VIP_TV was ignored
    Warning (20014): Assignment for entity set_instance_assignment -name IO_STANDARD "DIFFERENTIAL 1.5-V SSTL CLASS I" -to HPS_DDR3_DQS_N[1] -entity DE10_Standard_VIP_TV was ignored
    Warning (20014): Assignment for entity set_instance_assignment -name IO_STANDARD "DIFFERENTIAL 1.5-V SSTL CLASS I" -to HPS_DDR3_DQS_N[2] -entity DE10_Standard_VIP_TV was ignored
    Warning (20014): Assignment for entity set_instance_assignment -name IO_STANDARD "DIFFERENTIAL 1.5-V SSTL CLASS I" -to HPS_DDR3_DQS_N[3] -entity DE10_Standard_VIP_TV was ignored
    Warning (20014): Assignment for entity set_instance_assignment -name IO_STANDARD "DIFFERENTIAL 1.5-V SSTL CLASS I" -to HPS_DDR3_DQS_P[0] -entity DE10_Standard_VIP_TV was ignored
    Warning (20014): Assignment for entity set_instance_assignment -name IO_STANDARD "DIFFERENTIAL 1.5-V SSTL CLASS I" -to HPS_DDR3_DQS_P[1] -entity DE10_Standard_VIP_TV was ignored
    Warning (20014): Assignment for entity set_instance_assignment -name IO_STANDARD "DIFFERENTIAL 1.5-V SSTL CLASS I" -to HPS_DDR3_DQS_P[2] -entity DE10_Standard_VIP_TV was ignored
    Warning (20014): Assignment for entity set_instance_assignment -name IO_STANDARD "DIFFERENTIAL 1.5-V SSTL CLASS I" -to HPS_DDR3_DQS_P[3] -entity DE10_Standard_VIP_TV was ignored
    Warning (20014): Assignment for entity set_instance_assignment -name IO_STANDARD "SSTL-15 CLASS I" -to HPS_DDR3_DQ[0] -entity DE10_Standard_VIP_TV was ignored
    Warning (20014): Assignment for entity set_instance_assignment -name IO_STANDARD "SSTL-15 CLASS I" -to HPS_DDR3_DQ[10] -entity DE10_Standard_VIP_TV was ignored
    Warning (20014): Assignment for entity set_instance_assignment -name IO_STANDARD "SSTL-15 CLASS I" -to HPS_DDR3_DQ[11] -entity DE10_Standard_VIP_TV was ignored
    Warning (20014): Assignment for entity set_instance_assignment -name IO_STANDARD "SSTL-15 CLASS I" -to HPS_DDR3_DQ[12] -entity DE10_Standard_VIP_TV was ignored
    Warning (20014): Assignment for entity set_instance_assignment -name IO_STANDARD "SSTL-15 CLASS I" -to HPS_DDR3_DQ[13] -entity DE10_Standard_VIP_TV was ignored
    Warning (20014): Assignment for entity set_instance_assignment -name IO_STANDARD "SSTL-15 CLASS I" -to HPS_DDR3_DQ[14] -entity DE10_Standard_VIP_TV was ignored
    Warning (20014): Assignment for entity set_instance_assignment -name IO_STANDARD "SSTL-15 CLASS I" -to HPS_DDR3_DQ[15] -entity DE10_Standard_VIP_TV was ignored
    Warning (20014): Assignment for entity set_instance_assignment -name IO_STANDARD "SSTL-15 CLASS I" -to HPS_DDR3_DQ[16] -entity DE10_Standard_VIP_TV was ignored
    Warning (20014): Assignment for entity set_instance_assignment -name IO_STANDARD "SSTL-15 CLASS I" -to HPS_DDR3_DQ[17] -entity DE10_Standard_VIP_TV was ignored
    Warning (20014): Assignment for entity set_instance_assignment -name IO_STANDARD "SSTL-15 CLASS I" -to HPS_DDR3_DQ[18] -entity DE10_Standard_VIP_TV was ignored
    Warning (20014): Assignment for entity set_instance_assignment -name IO_STANDARD "SSTL-15 CLASS I" -to HPS_DDR3_DQ[19] -entity DE10_Standard_VIP_TV was ignored
    Warning (20014): Assignment for entity set_instance_assignment -name IO_STANDARD "SSTL-15 CLASS I" -to HPS_DDR3_DQ[1] -entity DE10_Standard_VIP_TV was ignored
    Warning (20014): Assignment for entity set_instance_assignment -name IO_STANDARD "SSTL-15 CLASS I" -to HPS_DDR3_DQ[20] -entity DE10_Standard_VIP_TV was ignored
    Warning (20014): Assignment for entity set_instance_assignment -name IO_STANDARD "SSTL-15 CLASS I" -to HPS_DDR3_DQ[21] -entity DE10_Standard_VIP_TV was ignored
    Warning (20014): Assignment for entity set_instance_assignment -name IO_STANDARD "SSTL-15 CLASS I" -to HPS_DDR3_DQ[22] -entity DE10_Standard_VIP_TV was ignored
    Warning (20014): Assignment for entity set_instance_assignment -name IO_STANDARD "SSTL-15 CLASS I" -to HPS_DDR3_DQ[23] -entity DE10_Standard_VIP_TV was ignored
    Warning (20014): Assignment for entity set_instance_assignment -name IO_STANDARD "SSTL-15 CLASS I" -to HPS_DDR3_DQ[24] -entity DE10_Standard_VIP_TV was ignored
    Warning (20014): Assignment for entity set_instance_assignment -name IO_STANDARD "SSTL-15 CLASS I" -to HPS_DDR3_DQ[25] -entity DE10_Standard_VIP_TV was ignored
    Warning (20014): Assignment for entity set_instance_assignment -name IO_STANDARD "SSTL-15 CLASS I" -to HPS_DDR3_DQ[26] -entity DE10_Standard_VIP_TV was ignored
    Warning (20014): Assignment for entity set_instance_assignment -name IO_STANDARD "SSTL-15 CLASS I" -to HPS_DDR3_DQ[27] -entity DE10_Standard_VIP_TV was ignored
    Warning (20014): Assignment for entity set_instance_assignment -name IO_STANDARD "SSTL-15 CLASS I" -to HPS_DDR3_DQ[28] -entity DE10_Standard_VIP_TV was ignored
    Warning (20014): Assignment for entity set_instance_assignment -name IO_STANDARD "SSTL-15 CLASS I" -to HPS_DDR3_DQ[29] -entity DE10_Standard_VIP_TV was ignored
    Warning (20014): Assignment for entity set_instance_assignment -name IO_STANDARD "SSTL-15 CLASS I" -to HPS_DDR3_DQ[2] -entity DE10_Standard_VIP_TV was ignored
    Warning (20014): Assignment for entity set_instance_assignment -name IO_STANDARD "SSTL-15 CLASS I" -to HPS_DDR3_DQ[30] -entity DE10_Standard_VIP_TV was ignored
    Warning (20014): Assignment for entity set_instance_assignment -name IO_STANDARD "SSTL-15 CLASS I" -to HPS_DDR3_DQ[31] -entity DE10_Standard_VIP_TV was ignored
    Warning (20014): Assignment for entity set_instance_assignment -name IO_STANDARD "SSTL-15 CLASS I" -to HPS_DDR3_DQ[3] -entity DE10_Standard_VIP_TV was ignored
    Warning (20014): Assignment for entity set_instance_assignment -name IO_STANDARD "SSTL-15 CLASS I" -to HPS_DDR3_DQ[4] -entity DE10_Standard_VIP_TV was ignored
    Warning (20014): Assignment for entity set_instance_assignment -name IO_STANDARD "SSTL-15 CLASS I" -to HPS_DDR3_DQ[5] -entity DE10_Standard_VIP_TV was ignored
    Warning (20014): Assignment for entity set_instance_assignment -name IO_STANDARD "SSTL-15 CLASS I" -to HPS_DDR3_DQ[6] -entity DE10_Standard_VIP_TV was ignored
    Warning (20014): Assignment for entity set_instance_assignment -name IO_STANDARD "SSTL-15 CLASS I" -to HPS_DDR3_DQ[7] -entity DE10_Standard_VIP_TV was ignored
    Warning (20014): Assignment for entity set_instance_assignment -name IO_STANDARD "SSTL-15 CLASS I" -to HPS_DDR3_DQ[8] -entity DE10_Standard_VIP_TV was ignored
    Warning (20014): Assignment for entity set_instance_assignment -name IO_STANDARD "SSTL-15 CLASS I" -to HPS_DDR3_DQ[9] -entity DE10_Standard_VIP_TV was ignored
    Warning (20014): Assignment for entity set_instance_assignment -name IO_STANDARD "SSTL-15 CLASS I" -to HPS_DDR3_ODT -entity DE10_Standard_VIP_TV was ignored
    Warning (20014): Assignment for entity set_instance_assignment -name IO_STANDARD "SSTL-15 CLASS I" -to HPS_DDR3_RAS_N -entity DE10_Standard_VIP_TV was ignored
    Warning (20014): Assignment for entity set_instance_assignment -name IO_STANDARD "SSTL-15 CLASS I" -to HPS_DDR3_RESET_N -entity DE10_Standard_VIP_TV was ignored
    Warning (20014): Assignment for entity set_instance_assignment -name IO_STANDARD "1.5 V" -to HPS_DDR3_RZQ -entity DE10_Standard_VIP_TV was ignored
    Warning (20014): Assignment for entity set_instance_assignment -name IO_STANDARD "SSTL-15 CLASS I" -to HPS_DDR3_WE_N -entity DE10_Standard_VIP_TV was ignored
    Warning (20014): Assignment for entity set_instance_assignment -name IO_STANDARD "3.3-V LVTTL" -to HPS_ENET_GTX_CLK -entity DE10_Standard_VIP_TV was ignored
    Warning (20014): Assignment for entity set_instance_assignment -name IO_STANDARD "3.3-V LVTTL" -to HPS_ENET_INT_N -entity DE10_Standard_VIP_TV was ignored
    Warning (20014): Assignment for entity set_instance_assignment -name IO_STANDARD "3.3-V LVTTL" -to HPS_ENET_MDC -entity DE10_Standard_VIP_TV was ignored
    Warning (20014): Assignment for entity set_instance_assignment -name IO_STANDARD "3.3-V LVTTL" -to HPS_ENET_MDIO -entity DE10_Standard_VIP_TV was ignored
    Warning (20014): Assignment for entity set_instance_assignment -name IO_STANDARD "3.3-V LVTTL" -to HPS_ENET_RX_CLK -entity DE10_Standard_VIP_TV was ignored
    Warning (20014): Assignment for entity set_instance_assignment -name IO_STANDARD "3.3-V LVTTL" -to HPS_ENET_RX_DATA[0] -entity DE10_Standard_VIP_TV was ignored
    Warning (20014): Assignment for entity set_instance_assignment -name IO_STANDARD "3.3-V LVTTL" -to HPS_ENET_RX_DATA[1] -entity DE10_Standard_VIP_TV was ignored
    Warning (20014): Assignment for entity set_instance_assignment -name IO_STANDARD "3.3-V LVTTL" -to HPS_ENET_RX_DATA[2] -entity DE10_Standard_VIP_TV was ignored
    Warning (20014): Assignment for entity set_instance_assignment -name IO_STANDARD "3.3-V LVTTL" -to HPS_ENET_RX_DATA[3] -entity DE10_Standard_VIP_TV was ignored
    Warning (20014): Assignment for entity set_instance_assignment -name IO_STANDARD "3.3-V LVTTL" -to HPS_ENET_RX_DV -entity DE10_Standard_VIP_TV was ignored
    Warning (20014): Assignment for entity set_instance_assignment -name IO_STANDARD "3.3-V LVTTL" -to HPS_ENET_TX_DATA[0] -entity DE10_Standard_VIP_TV was ignored
    Warning (20014): Assignment for entity set_instance_assignment -name IO_STANDARD "3.3-V LVTTL" -to HPS_ENET_TX_DATA[1] -entity DE10_Standard_VIP_TV was ignored
    Warning (20014): Assignment for entity set_instance_assignment -name IO_STANDARD "3.3-V LVTTL" -to HPS_ENET_TX_DATA[2] -entity DE10_Standard_VIP_TV was ignored
    Warning (20014): Assignment for entity set_instance_assignment -name IO_STANDARD "3.3-V LVTTL" -to HPS_ENET_TX_DATA[3] -entity DE10_Standard_VIP_TV was ignored
    Warning (20014): Assignment for entity set_instance_assignment -name IO_STANDARD "3.3-V LVTTL" -to HPS_ENET_TX_EN -entity DE10_Standard_VIP_TV was ignored
    Warning (20014): Assignment for entity set_instance_assignment -name IO_STANDARD "3.3-V LVTTL" -to HPS_FLASH_DATA[0] -entity DE10_Standard_VIP_TV was ignored
    Warning (20014): Assignment for entity set_instance_assignment -name IO_STANDARD "3.3-V LVTTL" -to HPS_FLASH_DATA[1] -entity DE10_Standard_VIP_TV was ignored
    Warning (20014): Assignment for entity set_instance_assignment -name IO_STANDARD "3.3-V LVTTL" -to HPS_FLASH_DATA[2] -entity DE10_Standard_VIP_TV was ignored
    Warning (20014): Assignment for entity set_instance_assignment -name IO_STANDARD "3.3-V LVTTL" -to HPS_FLASH_DATA[3] -entity DE10_Standard_VIP_TV was ignored
    Warning (20014): Assignment for entity set_instance_assignment -name IO_STANDARD "3.3-V LVTTL" -to HPS_FLASH_DCLK -entity DE10_Standard_VIP_TV was ignored
    Warning (20014): Assignment for entity set_instance_assignment -name IO_STANDARD "3.3-V LVTTL" -to HPS_FLASH_NCSO -entity DE10_Standard_VIP_TV was ignored
    Warning (20014): Assignment for entity set_instance_assignment -name IO_STANDARD "3.3-V LVTTL" -to HPS_GSENSOR_INT -entity DE10_Standard_VIP_TV was ignored
    Warning (20014): Assignment for entity set_instance_assignment -name IO_STANDARD "3.3-V LVTTL" -to HPS_I2C1_SCLK -entity DE10_Standard_VIP_TV was ignored
    Warning (20014): Assignment for entity set_instance_assignment -name IO_STANDARD "3.3-V LVTTL" -to HPS_I2C1_SDAT -entity DE10_Standard_VIP_TV was ignored
    Warning (20014): Assignment for entity set_instance_assignment -name IO_STANDARD "3.3-V LVTTL" -to HPS_I2C2_SCLK -entity DE10_Standard_VIP_TV was ignored
    Warning (20014): Assignment for entity set_instance_assignment -name IO_STANDARD "3.3-V LVTTL" -to HPS_I2C2_SDAT -entity DE10_Standard_VIP_TV was ignored
    Warning (20014): Assignment for entity set_instance_assignment -name IO_STANDARD "3.3-V LVTTL" -to HPS_I2C_CONTROL -entity DE10_Standard_VIP_TV was ignored
    Warning (20014): Assignment for entity set_instance_assignment -name IO_STANDARD "3.3-V LVTTL" -to HPS_KEY -entity DE10_Standard_VIP_TV was ignored
    Warning (20014): Assignment for entity set_instance_assignment -name IO_STANDARD "3.3-V LVTTL" -to HPS_LCM_BK -entity DE10_Standard_VIP_TV was ignored
    Warning (20014): Assignment for entity set_instance_assignment -name IO_STANDARD "3.3-V LVTTL" -to HPS_LCM_D_C -entity DE10_Standard_VIP_TV was ignored
    Warning (20014): Assignment for entity set_instance_assignment -name IO_STANDARD "3.3-V LVTTL" -to HPS_LCM_RST_N -entity DE10_Standard_VIP_TV was ignored
    Warning (20014): Assignment for entity set_instance_assignment -name IO_STANDARD "3.3-V LVTTL" -to HPS_LCM_SPIM_CLK -entity DE10_Standard_VIP_TV was ignored
    Warning (20014): Assignment for entity set_instance_assignment -name IO_STANDARD "3.3-V LVTTL" -to HPS_LCM_SPIM_MISO -entity DE10_Standard_VIP_TV was ignored
    Warning (20014): Assignment for entity set_instance_assignment -name IO_STANDARD "3.3-V LVTTL" -to HPS_LCM_SPIM_MOSI -entity DE10_Standard_VIP_TV was ignored
    Warning (20014): Assignment for entity set_instance_assignment -name IO_STANDARD "3.3-V LVTTL" -to HPS_LCM_SPIM_SS -entity DE10_Standard_VIP_TV was ignored
    Warning (20014): Assignment for entity set_instance_assignment -name IO_STANDARD "3.3-V LVTTL" -to HPS_LED -entity DE10_Standard_VIP_TV was ignored
    Warning (20014): Assignment for entity set_instance_assignment -name IO_STANDARD "3.3-V LVTTL" -to HPS_LTC_GPIO -entity DE10_Standard_VIP_TV was ignored
    Warning (20014): Assignment for entity set_instance_assignment -name IO_STANDARD "3.3-V LVTTL" -to HPS_RESET_N -entity DE10_Standard_VIP_TV was ignored
    Warning (20014): Assignment for entity set_instance_assignment -name IO_STANDARD "3.3-V LVTTL" -to HPS_SD_CLK -entity DE10_Standard_VIP_TV was ignored
    Warning (20014): Assignment for entity set_instance_assignment -name IO_STANDARD "3.3-V LVTTL" -to HPS_SD_CMD -entity DE10_Standard_VIP_TV was ignored
    Warning (20014): Assignment for entity set_instance_assignment -name IO_STANDARD "3.3-V LVTTL" -to HPS_SD_DATA[0] -entity DE10_Standard_VIP_TV was ignored
    Warning (20014): Assignment for entity set_instance_assignment -name IO_STANDARD "3.3-V LVTTL" -to HPS_SD_DATA[1] -entity DE10_Standard_VIP_TV was ignored
    Warning (20014): Assignment for entity set_instance_assignment -name IO_STANDARD "3.3-V LVTTL" -to HPS_SD_DATA[2] -entity DE10_Standard_VIP_TV was ignored
    Warning (20014): Assignment for entity set_instance_assignment -name IO_STANDARD "3.3-V LVTTL" -to HPS_SD_DATA[3] -entity DE10_Standard_VIP_TV was ignored
    Warning (20014): Assignment for entity set_instance_assignment -name IO_STANDARD "3.3-V LVTTL" -to HPS_SPIM_CLK -entity DE10_Standard_VIP_TV was ignored
    Warning (20014): Assignment for entity set_instance_assignment -name IO_STANDARD "3.3-V LVTTL" -to HPS_SPIM_MISO -entity DE10_Standard_VIP_TV was ignored
    Warning (20014): Assignment for entity set_instance_assignment -name IO_STANDARD "3.3-V LVTTL" -to HPS_SPIM_MOSI -entity DE10_Standard_VIP_TV was ignored
    Warning (20014): Assignment for entity set_instance_assignment -name IO_STANDARD "3.3-V LVTTL" -to HPS_SPIM_SS -entity DE10_Standard_VIP_TV was ignored
    Warning (20014): Assignment for entity set_instance_assignment -name IO_STANDARD "3.3-V LVTTL" -to HPS_UART_RX -entity DE10_Standard_VIP_TV was ignored
    Warning (20014): Assignment for entity set_instance_assignment -name IO_STANDARD "3.3-V LVTTL" -to HPS_UART_TX -entity DE10_Standard_VIP_TV was ignored
    Warning (20014): Assignment for entity set_instance_assignment -name IO_STANDARD "3.3-V LVTTL" -to HPS_USB_CLKOUT -entity DE10_Standard_VIP_TV was ignored
    Warning (20014): Assignment for entity set_instance_assignment -name IO_STANDARD "3.3-V LVTTL" -to HPS_USB_DATA[0] -entity DE10_Standard_VIP_TV was ignored
    Warning (20014): Assignment for entity set_instance_assignment -name IO_STANDARD "3.3-V LVTTL" -to HPS_USB_DATA[1] -entity DE10_Standard_VIP_TV was ignored
    Warning (20014): Assignment for entity set_instance_assignment -name IO_STANDARD "3.3-V LVTTL" -to HPS_USB_DATA[2] -entity DE10_Standard_VIP_TV was ignored
    Warning (20014): Assignment for entity set_instance_assignment -name IO_STANDARD "3.3-V LVTTL" -to HPS_USB_DATA[3] -entity DE10_Standard_VIP_TV was ignored
    Warning (20014): Assignment for entity set_instance_assignment -name IO_STANDARD "3.3-V LVTTL" -to HPS_USB_DATA[4] -entity DE10_Standard_VIP_TV was ignored
    Warning (20014): Assignment for entity set_instance_assignment -name IO_STANDARD "3.3-V LVTTL" -to HPS_USB_DATA[5] -entity DE10_Standard_VIP_TV was ignored
    Warning (20014): Assignment for entity set_instance_assignment -name IO_STANDARD "3.3-V LVTTL" -to HPS_USB_DATA[6] -entity DE10_Standard_VIP_TV was ignored
    Warning (20014): Assignment for entity set_instance_assignment -name IO_STANDARD "3.3-V LVTTL" -to HPS_USB_DATA[7] -entity DE10_Standard_VIP_TV was ignored
    Warning (20014): Assignment for entity set_instance_assignment -name IO_STANDARD "3.3-V LVTTL" -to HPS_USB_DIR -entity DE10_Standard_VIP_TV was ignored
    Warning (20014): Assignment for entity set_instance_assignment -name IO_STANDARD "3.3-V LVTTL" -to HPS_USB_NXT -entity DE10_Standard_VIP_TV was ignored
    Warning (20014): Assignment for entity set_instance_assignment -name IO_STANDARD "3.3-V LVTTL" -to HPS_USB_STP -entity DE10_Standard_VIP_TV was ignored
    Warning (20014): Assignment for entity set_instance_assignment -name IO_STANDARD "2.5 V" -to HSMC_CLKIN0 -entity DE10_Standard_VIP_TV was ignored
    Warning (20014): Assignment for entity set_instance_assignment -name IO_STANDARD "2.5 V" -to HSMC_CLKIN_N1 -entity DE10_Standard_VIP_TV was ignored
    Warning (20014): Assignment for entity set_instance_assignment -name IO_STANDARD "2.5 V" -to HSMC_CLKIN_N2 -entity DE10_Standard_VIP_TV was ignored
    Warning (20014): Assignment for entity set_instance_assignment -name IO_STANDARD "2.5 V" -to HSMC_CLKIN_P1 -entity DE10_Standard_VIP_TV was ignored
    Warning (20014): Assignment for entity set_instance_assignment -name IO_STANDARD "2.5 V" -to HSMC_CLKIN_P2 -entity DE10_Standard_VIP_TV was ignored
    Warning (20014): Assignment for entity set_instance_assignment -name IO_STANDARD "2.5 V" -to HSMC_CLKOUT0 -entity DE10_Standard_VIP_TV was ignored
    Warning (20014): Assignment for entity set_instance_assignment -name IO_STANDARD "2.5 V" -to HSMC_CLKOUT_N1 -entity DE10_Standard_VIP_TV was ignored
    Warning (20014): Assignment for entity set_instance_assignment -name IO_STANDARD "2.5 V" -to HSMC_CLKOUT_N2 -entity DE10_Standard_VIP_TV was ignored
    Warning (20014): Assignment for entity set_instance_assignment -name IO_STANDARD "2.5 V" -to HSMC_CLKOUT_P1 -entity DE10_Standard_VIP_TV was ignored
    Warning (20014): Assignment for entity set_instance_assignment -name IO_STANDARD "2.5 V" -to HSMC_CLKOUT_P2 -entity DE10_Standard_VIP_TV was ignored
    Warning (20014): Assignment for entity set_instance_assignment -name IO_STANDARD "2.5 V" -to HSMC_D[0] -entity DE10_Standard_VIP_TV was ignored
    Warning (20014): Assignment for entity set_instance_assignment -name IO_STANDARD "2.5 V" -to HSMC_D[1] -entity DE10_Standard_VIP_TV was ignored
    Warning (20014): Assignment for entity set_instance_assignment -name IO_STANDARD "2.5 V" -to HSMC_D[2] -entity DE10_Standard_VIP_TV was ignored
    Warning (20014): Assignment for entity set_instance_assignment -name IO_STANDARD "2.5 V" -to HSMC_D[3] -entity DE10_Standard_VIP_TV was ignored
    Warning (20014): Assignment for entity set_instance_assignment -name IO_STANDARD "2.5 V" -to HSMC_RX_D_N[0] -entity DE10_Standard_VIP_TV was ignored
    Warning (20014): Assignment for entity set_instance_assignment -name IO_STANDARD "2.5 V" -to HSMC_RX_D_N[10] -entity DE10_Standard_VIP_TV was ignored
    Warning (20014): Assignment for entity set_instance_assignment -name IO_STANDARD "2.5 V" -to HSMC_RX_D_N[11] -entity DE10_Standard_VIP_TV was ignored
    Warning (20014): Assignment for entity set_instance_assignment -name IO_STANDARD "2.5 V" -to HSMC_RX_D_N[12] -entity DE10_Standard_VIP_TV was ignored
    Warning (20014): Assignment for entity set_instance_assignment -name IO_STANDARD "2.5 V" -to HSMC_RX_D_N[13] -entity DE10_Standard_VIP_TV was ignored
    Warning (20014): Assignment for entity set_instance_assignment -name IO_STANDARD "2.5 V" -to HSMC_RX_D_N[14] -entity DE10_Standard_VIP_TV was ignored
    Warning (20014): Assignment for entity set_instance_assignment -name IO_STANDARD "2.5 V" -to HSMC_RX_D_N[15] -entity DE10_Standard_VIP_TV was ignored
    Warning (20014): Assignment for entity set_instance_assignment -name IO_STANDARD "2.5 V" -to HSMC_RX_D_N[16] -entity DE10_Standard_VIP_TV was ignored
    Warning (20014): Assignment for entity set_instance_assignment -name IO_STANDARD "2.5 V" -to HSMC_RX_D_N[1] -entity DE10_Standard_VIP_TV was ignored
    Warning (20014): Assignment for entity set_instance_assignment -name IO_STANDARD "2.5 V" -to HSMC_RX_D_N[2] -entity DE10_Standard_VIP_TV was ignored
    Warning (20014): Assignment for entity set_instance_assignment -name IO_STANDARD "2.5 V" -to HSMC_RX_D_N[3] -entity DE10_Standard_VIP_TV was ignored
    Warning (20014): Assignment for entity set_instance_assignment -name IO_STANDARD "2.5 V" -to HSMC_RX_D_N[4] -entity DE10_Standard_VIP_TV was ignored
    Warning (20014): Assignment for entity set_instance_assignment -name IO_STANDARD "2.5 V" -to HSMC_RX_D_N[5] -entity DE10_Standard_VIP_TV was ignored
    Warning (20014): Assignment for entity set_instance_assignment -name IO_STANDARD "2.5 V" -to HSMC_RX_D_N[6] -entity DE10_Standard_VIP_TV was ignored
    Warning (20014): Assignment for entity set_instance_assignment -name IO_STANDARD "2.5 V" -to HSMC_RX_D_N[7] -entity DE10_Standard_VIP_TV was ignored
    Warning (20014): Assignment for entity set_instance_assignment -name IO_STANDARD "2.5 V" -to HSMC_RX_D_N[8] -entity DE10_Standard_VIP_TV was ignored
    Warning (20014): Assignment for entity set_instance_assignment -name IO_STANDARD "2.5 V" -to HSMC_RX_D_N[9] -entity DE10_Standard_VIP_TV was ignored
    Warning (20014): Assignment for entity set_instance_assignment -name IO_STANDARD "2.5 V" -to HSMC_RX_D_P[0] -entity DE10_Standard_VIP_TV was ignored
    Warning (20014): Assignment for entity set_instance_assignment -name IO_STANDARD "2.5 V" -to HSMC_RX_D_P[10] -entity DE10_Standard_VIP_TV was ignored
    Warning (20014): Assignment for entity set_instance_assignment -name IO_STANDARD "2.5 V" -to HSMC_RX_D_P[11] -entity DE10_Standard_VIP_TV was ignored
    Warning (20014): Assignment for entity set_instance_assignment -name IO_STANDARD "2.5 V" -to HSMC_RX_D_P[12] -entity DE10_Standard_VIP_TV was ignored
    Warning (20014): Assignment for entity set_instance_assignment -name IO_STANDARD "2.5 V" -to HSMC_RX_D_P[13] -entity DE10_Standard_VIP_TV was ignored
    Warning (20014): Assignment for entity set_instance_assignment -name IO_STANDARD "2.5 V" -to HSMC_RX_D_P[14] -entity DE10_Standard_VIP_TV was ignored
    Warning (20014): Assignment for entity set_instance_assignment -name IO_STANDARD "2.5 V" -to HSMC_RX_D_P[15] -entity DE10_Standard_VIP_TV was ignored
    Warning (20014): Assignment for entity set_instance_assignment -name IO_STANDARD "2.5 V" -to HSMC_RX_D_P[16] -entity DE10_Standard_VIP_TV was ignored
    Warning (20014): Assignment for entity set_instance_assignment -name IO_STANDARD "2.5 V" -to HSMC_RX_D_P[1] -entity DE10_Standard_VIP_TV was ignored
    Warning (20014): Assignment for entity set_instance_assignment -name IO_STANDARD "2.5 V" -to HSMC_RX_D_P[2] -entity DE10_Standard_VIP_TV was ignored
    Warning (20014): Assignment for entity set_instance_assignment -name IO_STANDARD "2.5 V" -to HSMC_RX_D_P[3] -entity DE10_Standard_VIP_TV was ignored
    Warning (20014): Assignment for entity set_instance_assignment -name IO_STANDARD "2.5 V" -to HSMC_RX_D_P[4] -entity DE10_Standard_VIP_TV was ignored
    Warning (20014): Assignment for entity set_instance_assignment -name IO_STANDARD "2.5 V" -to HSMC_RX_D_P[5] -entity DE10_Standard_VIP_TV was ignored
    Warning (20014): Assignment for entity set_instance_assignment -name IO_STANDARD "2.5 V" -to HSMC_RX_D_P[6] -entity DE10_Standard_VIP_TV was ignored
    Warning (20014): Assignment for entity set_instance_assignment -name IO_STANDARD "2.5 V" -to HSMC_RX_D_P[7] -entity DE10_Standard_VIP_TV was ignored
    Warning (20014): Assignment for entity set_instance_assignment -name IO_STANDARD "2.5 V" -to HSMC_RX_D_P[8] -entity DE10_Standard_VIP_TV was ignored
    Warning (20014): Assignment for entity set_instance_assignment -name IO_STANDARD "2.5 V" -to HSMC_RX_D_P[9] -entity DE10_Standard_VIP_TV was ignored
    Warning (20014): Assignment for entity set_instance_assignment -name IO_STANDARD "2.5 V" -to HSMC_SCL -entity DE10_Standard_VIP_TV was ignored
    Warning (20014): Assignment for entity set_instance_assignment -name IO_STANDARD "2.5 V" -to HSMC_SDA -entity DE10_Standard_VIP_TV was ignored
    Warning (20014): Assignment for entity set_instance_assignment -name IO_STANDARD "2.5 V" -to HSMC_TX_D_N[0] -entity DE10_Standard_VIP_TV was ignored
    Warning (20014): Assignment for entity set_instance_assignment -name IO_STANDARD "2.5 V" -to HSMC_TX_D_N[10] -entity DE10_Standard_VIP_TV was ignored
    Warning (20014): Assignment for entity set_instance_assignment -name IO_STANDARD "2.5 V" -to HSMC_TX_D_N[11] -entity DE10_Standard_VIP_TV was ignored
    Warning (20014): Assignment for entity set_instance_assignment -name IO_STANDARD "2.5 V" -to HSMC_TX_D_N[12] -entity DE10_Standard_VIP_TV was ignored
    Warning (20014): Assignment for entity set_instance_assignment -name IO_STANDARD "2.5 V" -to HSMC_TX_D_N[13] -entity DE10_Standard_VIP_TV was ignored
    Warning (20014): Assignment for entity set_instance_assignment -name IO_STANDARD "2.5 V" -to HSMC_TX_D_N[14] -entity DE10_Standard_VIP_TV was ignored
    Warning (20014): Assignment for entity set_instance_assignment -name IO_STANDARD "2.5 V" -to HSMC_TX_D_N[15] -entity DE10_Standard_VIP_TV was ignored
    Warning (20014): Assignment for entity set_instance_assignment -name IO_STANDARD "2.5 V" -to HSMC_TX_D_N[16] -entity DE10_Standard_VIP_TV was ignored
    Warning (20014): Assignment for entity set_instance_assignment -name IO_STANDARD "2.5 V" -to HSMC_TX_D_N[1] -entity DE10_Standard_VIP_TV was ignored
    Warning (20014): Assignment for entity set_instance_assignment -name IO_STANDARD "2.5 V" -to HSMC_TX_D_N[2] -entity DE10_Standard_VIP_TV was ignored
    Warning (20014): Assignment for entity set_instance_assignment -name IO_STANDARD "2.5 V" -to HSMC_TX_D_N[3] -entity DE10_Standard_VIP_TV was ignored
    Warning (20014): Assignment for entity set_instance_assignment -name IO_STANDARD "2.5 V" -to HSMC_TX_D_N[4] -entity DE10_Standard_VIP_TV was ignored
    Warning (20014): Assignment for entity set_instance_assignment -name IO_STANDARD "2.5 V" -to HSMC_TX_D_N[5] -entity DE10_Standard_VIP_TV was ignored
    Warning (20014): Assignment for entity set_instance_assignment -name IO_STANDARD "2.5 V" -to HSMC_TX_D_N[6] -entity DE10_Standard_VIP_TV was ignored
    Warning (20014): Assignment for entity set_instance_assignment -name IO_STANDARD "2.5 V" -to HSMC_TX_D_N[7] -entity DE10_Standard_VIP_TV was ignored
    Warning (20014): Assignment for entity set_instance_assignment -name IO_STANDARD "2.5 V" -to HSMC_TX_D_N[8] -entity DE10_Standard_VIP_TV was ignored
    Warning (20014): Assignment for entity set_instance_assignment -name IO_STANDARD "2.5 V" -to HSMC_TX_D_N[9] -entity DE10_Standard_VIP_TV was ignored
    Warning (20014): Assignment for entity set_instance_assignment -name IO_STANDARD "2.5 V" -to HSMC_TX_D_P[0] -entity DE10_Standard_VIP_TV was ignored
    Warning (20014): Assignment for entity set_instance_assignment -name IO_STANDARD "2.5 V" -to HSMC_TX_D_P[10] -entity DE10_Standard_VIP_TV was ignored
    Warning (20014): Assignment for entity set_instance_assignment -name IO_STANDARD "2.5 V" -to HSMC_TX_D_P[11] -entity DE10_Standard_VIP_TV was ignored
    Warning (20014): Assignment for entity set_instance_assignment -name IO_STANDARD "2.5 V" -to HSMC_TX_D_P[12] -entity DE10_Standard_VIP_TV was ignored
    Warning (20014): Assignment for entity set_instance_assignment -name IO_STANDARD "2.5 V" -to HSMC_TX_D_P[13] -entity DE10_Standard_VIP_TV was ignored
    Warning (20014): Assignment for entity set_instance_assignment -name IO_STANDARD "2.5 V" -to HSMC_TX_D_P[14] -entity DE10_Standard_VIP_TV was ignored
    Warning (20014): Assignment for entity set_instance_assignment -name IO_STANDARD "2.5 V" -to HSMC_TX_D_P[15] -entity DE10_Standard_VIP_TV was ignored
    Warning (20014): Assignment for entity set_instance_assignment -name IO_STANDARD "2.5 V" -to HSMC_TX_D_P[16] -entity DE10_Standard_VIP_TV was ignored
    Warning (20014): Assignment for entity set_instance_assignment -name IO_STANDARD "2.5 V" -to HSMC_TX_D_P[1] -entity DE10_Standard_VIP_TV was ignored
    Warning (20014): Assignment for entity set_instance_assignment -name IO_STANDARD "2.5 V" -to HSMC_TX_D_P[2] -entity DE10_Standard_VIP_TV was ignored
    Warning (20014): Assignment for entity set_instance_assignment -name IO_STANDARD "2.5 V" -to HSMC_TX_D_P[3] -entity DE10_Standard_VIP_TV was ignored
    Warning (20014): Assignment for entity set_instance_assignment -name IO_STANDARD "2.5 V" -to HSMC_TX_D_P[4] -entity DE10_Standard_VIP_TV was ignored
    Warning (20014): Assignment for entity set_instance_assignment -name IO_STANDARD "2.5 V" -to HSMC_TX_D_P[5] -entity DE10_Standard_VIP_TV was ignored
    Warning (20014): Assignment for entity set_instance_assignment -name IO_STANDARD "2.5 V" -to HSMC_TX_D_P[6] -entity DE10_Standard_VIP_TV was ignored
    Warning (20014): Assignment for entity set_instance_assignment -name IO_STANDARD "2.5 V" -to HSMC_TX_D_P[7] -entity DE10_Standard_VIP_TV was ignored
    Warning (20014): Assignment for entity set_instance_assignment -name IO_STANDARD "2.5 V" -to HSMC_TX_D_P[8] -entity DE10_Standard_VIP_TV was ignored
    Warning (20014): Assignment for entity set_instance_assignment -name IO_STANDARD "2.5 V" -to HSMC_TX_D_P[9] -entity DE10_Standard_VIP_TV was ignored
    Warning (20014): Assignment for entity set_instance_assignment -name IO_STANDARD "3.3-V LVTTL" -to IRDA_RXD -entity DE10_Standard_VIP_TV was ignored
    Warning (20014): Assignment for entity set_instance_assignment -name IO_STANDARD "3.3-V LVTTL" -to IRDA_TXD -entity DE10_Standard_VIP_TV was ignored
    Warning (20014): Assignment for entity set_instance_assignment -name IO_STANDARD "3.3-V LVTTL" -to KEY[0] -entity DE10_Standard_VIP_TV was ignored
    Warning (20014): Assignment for entity set_instance_assignment -name IO_STANDARD "3.3-V LVTTL" -to KEY[1] -entity DE10_Standard_VIP_TV was ignored
    Warning (20014): Assignment for entity set_instance_assignment -name IO_STANDARD "3.3-V LVTTL" -to KEY[2] -entity DE10_Standard_VIP_TV was ignored
    Warning (20014): Assignment for entity set_instance_assignment -name IO_STANDARD "3.3-V LVTTL" -to KEY[3] -entity DE10_Standard_VIP_TV was ignored
    Warning (20014): Assignment for entity set_instance_assignment -name IO_STANDARD "3.3-V LVTTL" -to LEDR[0] -entity DE10_Standard_VIP_TV was ignored
    Warning (20014): Assignment for entity set_instance_assignment -name IO_STANDARD "3.3-V LVTTL" -to LEDR[1] -entity DE10_Standard_VIP_TV was ignored
    Warning (20014): Assignment for entity set_instance_assignment -name IO_STANDARD "3.3-V LVTTL" -to LEDR[2] -entity DE10_Standard_VIP_TV was ignored
    Warning (20014): Assignment for entity set_instance_assignment -name IO_STANDARD "3.3-V LVTTL" -to LEDR[3] -entity DE10_Standard_VIP_TV was ignored
    Warning (20014): Assignment for entity set_instance_assignment -name IO_STANDARD "3.3-V LVTTL" -to LEDR[4] -entity DE10_Standard_VIP_TV was ignored
    Warning (20014): Assignment for entity set_instance_assignment -name IO_STANDARD "3.3-V LVTTL" -to LEDR[5] -entity DE10_Standard_VIP_TV was ignored
    Warning (20014): Assignment for entity set_instance_assignment -name IO_STANDARD "3.3-V LVTTL" -to LEDR[6] -entity DE10_Standard_VIP_TV was ignored
    Warning (20014): Assignment for entity set_instance_assignment -name IO_STANDARD "3.3-V LVTTL" -to LEDR[7] -entity DE10_Standard_VIP_TV was ignored
    Warning (20014): Assignment for entity set_instance_assignment -name IO_STANDARD "3.3-V LVTTL" -to LEDR[8] -entity DE10_Standard_VIP_TV was ignored
    Warning (20014): Assignment for entity set_instance_assignment -name IO_STANDARD "3.3-V LVTTL" -to LEDR[9] -entity DE10_Standard_VIP_TV was ignored
    Warning (20014): Assignment for entity set_instance_assignment -name IO_STANDARD "3.3-V LVTTL" -to PS2_CLK -entity DE10_Standard_VIP_TV was ignored
    Warning (20014): Assignment for entity set_instance_assignment -name IO_STANDARD "3.3-V LVTTL" -to PS2_CLK2 -entity DE10_Standard_VIP_TV was ignored
    Warning (20014): Assignment for entity set_instance_assignment -name IO_STANDARD "3.3-V LVTTL" -to PS2_DAT -entity DE10_Standard_VIP_TV was ignored
    Warning (20014): Assignment for entity set_instance_assignment -name IO_STANDARD "3.3-V LVTTL" -to PS2_DAT2 -entity DE10_Standard_VIP_TV was ignored
    Warning (20014): Assignment for entity set_instance_assignment -name IO_STANDARD "2.5 V" -to SW[0] -entity DE10_Standard_VIP_TV was ignored
    Warning (20014): Assignment for entity set_instance_assignment -name IO_STANDARD "2.5 V" -to SW[1] -entity DE10_Standard_VIP_TV was ignored
    Warning (20014): Assignment for entity set_instance_assignment -name IO_STANDARD "2.5 V" -to SW[2] -entity DE10_Standard_VIP_TV was ignored
    Warning (20014): Assignment for entity set_instance_assignment -name IO_STANDARD "2.5 V" -to SW[3] -entity DE10_Standard_VIP_TV was ignored
    Warning (20014): Assignment for entity set_instance_assignment -name IO_STANDARD "2.5 V" -to SW[4] -entity DE10_Standard_VIP_TV was ignored
    Warning (20014): Assignment for entity set_instance_assignment -name IO_STANDARD "2.5 V" -to SW[5] -entity DE10_Standard_VIP_TV was ignored
    Warning (20014): Assignment for entity set_instance_assignment -name IO_STANDARD "2.5 V" -to SW[6] -entity DE10_Standard_VIP_TV was ignored
    Warning (20014): Assignment for entity set_instance_assignment -name IO_STANDARD "2.5 V" -to SW[7] -entity DE10_Standard_VIP_TV was ignored
    Warning (20014): Assignment for entity set_instance_assignment -name IO_STANDARD "2.5 V" -to SW[8] -entity DE10_Standard_VIP_TV was ignored
    Warning (20014): Assignment for entity set_instance_assignment -name IO_STANDARD "2.5 V" -to SW[9] -entity DE10_Standard_VIP_TV was ignored
    Warning (20014): Assignment for entity set_instance_assignment -name IO_STANDARD "3.3-V LVTTL" -to TD_CLK27 -entity DE10_Standard_VIP_TV was ignored
    Warning (20014): Assignment for entity set_instance_assignment -name IO_STANDARD "3.3-V LVTTL" -to TD_DATA[0] -entity DE10_Standard_VIP_TV was ignored
    Warning (20014): Assignment for entity set_instance_assignment -name IO_STANDARD "3.3-V LVTTL" -to TD_DATA[1] -entity DE10_Standard_VIP_TV was ignored
    Warning (20014): Assignment for entity set_instance_assignment -name IO_STANDARD "3.3-V LVTTL" -to TD_DATA[2] -entity DE10_Standard_VIP_TV was ignored
    Warning (20014): Assignment for entity set_instance_assignment -name IO_STANDARD "3.3-V LVTTL" -to TD_DATA[3] -entity DE10_Standard_VIP_TV was ignored
    Warning (20014): Assignment for entity set_instance_assignment -name IO_STANDARD "3.3-V LVTTL" -to TD_DATA[4] -entity DE10_Standard_VIP_TV was ignored
    Warning (20014): Assignment for entity set_instance_assignment -name IO_STANDARD "3.3-V LVTTL" -to TD_DATA[5] -entity DE10_Standard_VIP_TV was ignored
    Warning (20014): Assignment for entity set_instance_assignment -name IO_STANDARD "3.3-V LVTTL" -to TD_DATA[6] -entity DE10_Standard_VIP_TV was ignored
    Warning (20014): Assignment for entity set_instance_assignment -name IO_STANDARD "3.3-V LVTTL" -to TD_DATA[7] -entity DE10_Standard_VIP_TV was ignored
    Warning (20014): Assignment for entity set_instance_assignment -name IO_STANDARD "3.3-V LVTTL" -to TD_HS -entity DE10_Standard_VIP_TV was ignored
    Warning (20014): Assignment for entity set_instance_assignment -name IO_STANDARD "3.3-V LVTTL" -to TD_RESET_N -entity DE10_Standard_VIP_TV was ignored
    Warning (20014): Assignment for entity set_instance_assignment -name IO_STANDARD "3.3-V LVTTL" -to TD_VS -entity DE10_Standard_VIP_TV was ignored
    Warning (20014): Assignment for entity set_instance_assignment -name IO_STANDARD "3.3-V LVTTL" -to VGA_BLANK_N -entity DE10_Standard_VIP_TV was ignored
    Warning (20014): Assignment for entity set_instance_assignment -name IO_STANDARD "3.3-V LVTTL" -to VGA_B[0] -entity DE10_Standard_VIP_TV was ignored
    Warning (20014): Assignment for entity set_instance_assignment -name IO_STANDARD "3.3-V LVTTL" -to VGA_B[1] -entity DE10_Standard_VIP_TV was ignored
    Warning (20014): Assignment for entity set_instance_assignment -name IO_STANDARD "3.3-V LVTTL" -to VGA_B[2] -entity DE10_Standard_VIP_TV was ignored
    Warning (20014): Assignment for entity set_instance_assignment -name IO_STANDARD "3.3-V LVTTL" -to VGA_B[3] -entity DE10_Standard_VIP_TV was ignored
    Warning (20014): Assignment for entity set_instance_assignment -name IO_STANDARD "3.3-V LVTTL" -to VGA_B[4] -entity DE10_Standard_VIP_TV was ignored
    Warning (20014): Assignment for entity set_instance_assignment -name IO_STANDARD "3.3-V LVTTL" -to VGA_B[5] -entity DE10_Standard_VIP_TV was ignored
    Warning (20014): Assignment for entity set_instance_assignment -name IO_STANDARD "3.3-V LVTTL" -to VGA_B[6] -entity DE10_Standard_VIP_TV was ignored
    Warning (20014): Assignment for entity set_instance_assignment -name IO_STANDARD "3.3-V LVTTL" -to VGA_B[7] -entity DE10_Standard_VIP_TV was ignored
    Warning (20014): Assignment for entity set_instance_assignment -name IO_STANDARD "3.3-V LVTTL" -to VGA_CLK -entity DE10_Standard_VIP_TV was ignored
    Warning (20014): Assignment for entity set_instance_assignment -name IO_STANDARD "3.3-V LVTTL" -to VGA_G[0] -entity DE10_Standard_VIP_TV was ignored
    Warning (20014): Assignment for entity set_instance_assignment -name IO_STANDARD "3.3-V LVTTL" -to VGA_G[1] -entity DE10_Standard_VIP_TV was ignored
    Warning (20014): Assignment for entity set_instance_assignment -name IO_STANDARD "3.3-V LVTTL" -to VGA_G[2] -entity DE10_Standard_VIP_TV was ignored
    Warning (20014): Assignment for entity set_instance_assignment -name IO_STANDARD "3.3-V LVTTL" -to VGA_G[3] -entity DE10_Standard_VIP_TV was ignored
    Warning (20014): Assignment for entity set_instance_assignment -name IO_STANDARD "3.3-V LVTTL" -to VGA_G[4] -entity DE10_Standard_VIP_TV was ignored
    Warning (20014): Assignment for entity set_instance_assignment -name IO_STANDARD "3.3-V LVTTL" -to VGA_G[5] -entity DE10_Standard_VIP_TV was ignored
    Warning (20014): Assignment for entity set_instance_assignment -name IO_STANDARD "3.3-V LVTTL" -to VGA_G[6] -entity DE10_Standard_VIP_TV was ignored
    Warning (20014): Assignment for entity set_instance_assignment -name IO_STANDARD "3.3-V LVTTL" -to VGA_G[7] -entity DE10_Standard_VIP_TV was ignored
    Warning (20014): Assignment for entity set_instance_assignment -name IO_STANDARD "3.3-V LVTTL" -to VGA_HS -entity DE10_Standard_VIP_TV was ignored
    Warning (20014): Assignment for entity set_instance_assignment -name IO_STANDARD "3.3-V LVTTL" -to VGA_R[0] -entity DE10_Standard_VIP_TV was ignored
    Warning (20014): Assignment for entity set_instance_assignment -name IO_STANDARD "3.3-V LVTTL" -to VGA_R[1] -entity DE10_Standard_VIP_TV was ignored
    Warning (20014): Assignment for entity set_instance_assignment -name IO_STANDARD "3.3-V LVTTL" -to VGA_R[2] -entity DE10_Standard_VIP_TV was ignored
    Warning (20014): Assignment for entity set_instance_assignment -name IO_STANDARD "3.3-V LVTTL" -to VGA_R[3] -entity DE10_Standard_VIP_TV was ignored
    Warning (20014): Assignment for entity set_instance_assignment -name IO_STANDARD "3.3-V LVTTL" -to VGA_R[4] -entity DE10_Standard_VIP_TV was ignored
    Warning (20014): Assignment for entity set_instance_assignment -name IO_STANDARD "3.3-V LVTTL" -to VGA_R[5] -entity DE10_Standard_VIP_TV was ignored
    Warning (20014): Assignment for entity set_instance_assignment -name IO_STANDARD "3.3-V LVTTL" -to VGA_R[6] -entity DE10_Standard_VIP_TV was ignored
    Warning (20014): Assignment for entity set_instance_assignment -name IO_STANDARD "3.3-V LVTTL" -to VGA_R[7] -entity DE10_Standard_VIP_TV was ignored
    Warning (20014): Assignment for entity set_instance_assignment -name IO_STANDARD "3.3-V LVTTL" -to VGA_SYNC_N -entity DE10_Standard_VIP_TV was ignored
    Warning (20014): Assignment for entity set_instance_assignment -name IO_STANDARD "3.3-V LVTTL" -to VGA_VS -entity DE10_Standard_VIP_TV was ignored
    Warning (20014): Assignment for entity set_instance_assignment -name PARTITION_HIERARCHY root_partition -to | -entity DE10_Standard_VIP_TV -section_id Top was ignored
    Warning (20014): Assignment for entity set_global_assignment -name PARTITION_NETLIST_TYPE SOURCE -entity DE10_Standard_VIP_TV -section_id Top was ignored
    Warning (20014): Assignment for entity set_global_assignment -name PARTITION_FITTER_PRESERVATION_LEVEL PLACEMENT_AND_ROUTING -entity DE10_Standard_VIP_TV -section_id Top was ignored
    Warning (20014): Assignment for entity set_global_assignment -name PARTITION_PRESERVE_HIGH_SPEED_TILES ON -entity DE10_Standard_VIP_TV -section_id Top was ignored
    Warning (20014): Assignment for entity set_global_assignment -name PARTITION_IGNORE_SOURCE_FILE_CHANGES OFF -entity DE10_Standard_VIP_TV -section_id Top was ignored
    Warning (20014): Assignment for entity set_global_assignment -name PARTITION_ALWAYS_USE_QXP_NETLIST OFF -entity DE10_Standard_VIP_TV -section_id Top was ignored
    Warning (20014): Assignment for entity set_global_assignment -name PARTITION_COLOR 16764057 -entity DE10_Standard_VIP_TV -section_id Top was ignored
    Warning (20014): Assignment for entity set_global_assignment -name PARTITION_IMPORT_ASSIGNMENTS ON -entity DE10_Standard_VIP_TV -section_id Top was ignored
    Warning (20014): Assignment for entity set_global_assignment -name PARTITION_IMPORT_EXISTING_ASSIGNMENTS REPLACE_CONFLICTING -entity DE10_Standard_VIP_TV -section_id Top was ignored
    Warning (20014): Assignment for entity set_global_assignment -name PARTITION_IMPORT_EXISTING_LOGICLOCK_REGIONS UPDATE_CONFLICTING -entity DE10_Standard_VIP_TV -section_id Top was ignored
    Warning (20014): Assignment for entity set_global_assignment -name PARTITION_IMPORT_PIN_ASSIGNMENTS ON -entity DE10_Standard_VIP_TV -section_id Top was ignored
    Warning (20014): Assignment for entity set_global_assignment -name PARTITION_IMPORT_PROMOTE_ASSIGNMENTS ON -entity DE10_Standard_VIP_TV -section_id Top was ignored
    Warning (20014): Assignment for entity set_global_assignment -name PARTITION_TYPE STANDARD_PARTITION -entity DE10_Standard_VIP_TV -section_id Top was ignored
    Warning (20014): Assignment for entity set_global_assignment -name ALLOW_MULTIPLE_PERSONAS OFF -entity DE10_Standard_VIP_TV -section_id Top was ignored
    Warning (20014): Assignment for entity set_global_assignment -name PARTITION_ASD_REGION_ID 1 -entity DE10_Standard_VIP_TV -section_id Top was ignored
    Warning (20014): Assignment for entity set_global_assignment -name CROSS_BOUNDARY_OPTIMIZATIONS OFF -entity DE10_Standard_VIP_TV -section_id Top was ignored
    Warning (20014): Assignment for entity set_global_assignment -name PROPAGATE_CONSTANTS_ON_INPUTS ON -entity DE10_Standard_VIP_TV -section_id Top was ignored
    Warning (20014): Assignment for entity set_global_assignment -name PROPAGATE_INVERSIONS_ON_INPUTS ON -entity DE10_Standard_VIP_TV -section_id Top was ignored
    Warning (20014): Assignment for entity set_global_assignment -name REMOVE_LOGIC_ON_UNCONNECTED_OUTPUTS ON -entity DE10_Standard_VIP_TV -section_id Top was ignored
    Warning (20014): Assignment for entity set_global_assignment -name MERGE_EQUIVALENT_INPUTS ON -entity DE10_Standard_VIP_TV -section_id Top was ignored
    Warning (20014): Assignment for entity set_global_assignment -name MERGE_EQUIVALENT_BIDIRS ON -entity DE10_Standard_VIP_TV -section_id Top was ignored
    Warning (20014): Assignment for entity set_global_assignment -name ABSORB_PATHS_FROM_OUTPUTS_TO_INPUTS ON -entity DE10_Standard_VIP_TV -section_id Top was ignored
    Warning (20014): Assignment for entity set_global_assignment -name PARTITION_EXTRACT_HARD_BLOCK_NODES ON -entity DE10_Standard_VIP_TV -section_id Top was ignored
    Warning (20014): Assignment for entity set_global_assignment -name PARTITION_ENABLE_STRICT_PRESERVATION OFF -entity DE10_Standard_VIP_TV -section_id Top was ignored
Warning (20013): Ignored 24 assignments for entity "Soc" -- entity does not exist in design
    Warning (20014): Assignment for entity set_instance_assignment -name PARTITION_HIERARCHY root_partition -to | -entity Soc -section_id Top was ignored
    Warning (20014): Assignment for entity set_global_assignment -name PARTITION_NETLIST_TYPE SOURCE -entity Soc -section_id Top was ignored
    Warning (20014): Assignment for entity set_global_assignment -name PARTITION_FITTER_PRESERVATION_LEVEL PLACEMENT_AND_ROUTING -entity Soc -section_id Top was ignored
    Warning (20014): Assignment for entity set_global_assignment -name PARTITION_PRESERVE_HIGH_SPEED_TILES ON -entity Soc -section_id Top was ignored
    Warning (20014): Assignment for entity set_global_assignment -name PARTITION_IGNORE_SOURCE_FILE_CHANGES OFF -entity Soc -section_id Top was ignored
    Warning (20014): Assignment for entity set_global_assignment -name PARTITION_ALWAYS_USE_QXP_NETLIST OFF -entity Soc -section_id Top was ignored
    Warning (20014): Assignment for entity set_global_assignment -name PARTITION_COLOR 16764057 -entity Soc -section_id Top was ignored
    Warning (20014): Assignment for entity set_global_assignment -name PARTITION_IMPORT_ASSIGNMENTS ON -entity Soc -section_id Top was ignored
    Warning (20014): Assignment for entity set_global_assignment -name PARTITION_IMPORT_EXISTING_ASSIGNMENTS REPLACE_CONFLICTING -entity Soc -section_id Top was ignored
    Warning (20014): Assignment for entity set_global_assignment -name PARTITION_IMPORT_EXISTING_LOGICLOCK_REGIONS UPDATE_CONFLICTING -entity Soc -section_id Top was ignored
    Warning (20014): Assignment for entity set_global_assignment -name PARTITION_IMPORT_PIN_ASSIGNMENTS ON -entity Soc -section_id Top was ignored
    Warning (20014): Assignment for entity set_global_assignment -name PARTITION_IMPORT_PROMOTE_ASSIGNMENTS ON -entity Soc -section_id Top was ignored
    Warning (20014): Assignment for entity set_global_assignment -name PARTITION_TYPE STANDARD_PARTITION -entity Soc -section_id Top was ignored
    Warning (20014): Assignment for entity set_global_assignment -name ALLOW_MULTIPLE_PERSONAS OFF -entity Soc -section_id Top was ignored
    Warning (20014): Assignment for entity set_global_assignment -name PARTITION_ASD_REGION_ID 1 -entity Soc -section_id Top was ignored
    Warning (20014): Assignment for entity set_global_assignment -name CROSS_BOUNDARY_OPTIMIZATIONS OFF -entity Soc -section_id Top was ignored
    Warning (20014): Assignment for entity set_global_assignment -name PROPAGATE_CONSTANTS_ON_INPUTS ON -entity Soc -section_id Top was ignored
    Warning (20014): Assignment for entity set_global_assignment -name PROPAGATE_INVERSIONS_ON_INPUTS ON -entity Soc -section_id Top was ignored
    Warning (20014): Assignment for entity set_global_assignment -name REMOVE_LOGIC_ON_UNCONNECTED_OUTPUTS ON -entity Soc -section_id Top was ignored
    Warning (20014): Assignment for entity set_global_assignment -name MERGE_EQUIVALENT_INPUTS ON -entity Soc -section_id Top was ignored
    Warning (20014): Assignment for entity set_global_assignment -name MERGE_EQUIVALENT_BIDIRS ON -entity Soc -section_id Top was ignored
    Warning (20014): Assignment for entity set_global_assignment -name ABSORB_PATHS_FROM_OUTPUTS_TO_INPUTS ON -entity Soc -section_id Top was ignored
    Warning (20014): Assignment for entity set_global_assignment -name PARTITION_EXTRACT_HARD_BLOCK_NODES ON -entity Soc -section_id Top was ignored
    Warning (20014): Assignment for entity set_global_assignment -name PARTITION_ENABLE_STRICT_PRESERVATION OFF -entity Soc -section_id Top was ignored
Warning (18236): Number of processors has not been specified which may cause overloading on shared machines.  Set the global assignment NUM_PARALLEL_PROCESSORS in your QSF to an appropriate value for best performance.
Info (20032): Parallel compilation is enabled and will use up to 16 processors
Warning (20031): Parallel compilation is enabled for 16 processors, but there are only 14 processors in the system. Runtime may increase due to over usage of the processor space.
Info (21077): Low junction temperature is 0 degrees C
Info (21077): High junction temperature is 85 degrees C
Info (332164): Evaluating HDL-embedded SDC commands
    Info (332165): Entity alt_jtag_atlantic
        Info (332166): set_false_path -from [get_registers {*|alt_jtag_atlantic:*|jupdate}] -to [get_registers {*|alt_jtag_atlantic:*|jupdate1*}] 
        Info (332166): set_false_path -from [get_registers {*|alt_jtag_atlantic:*|rdata[*]}] -to [get_registers {*|alt_jtag_atlantic*|td_shift[*]}]
        Info (332166): set_false_path -from [get_registers {*|alt_jtag_atlantic:*|rdata[*]}] -to [get_registers {*|alt_jtag_atlantic*|td_shift[*]}]
        Info (332166): set_false_path -from [get_registers {*|alt_jtag_atlantic:*|rdata[*]}] -to [get_registers {*|alt_jtag_atlantic*|td_shift[*]}]
        Info (332166): set_false_path -from [get_registers {*|alt_jtag_atlantic:*|rdata[*]}] -to [get_registers {*|alt_jtag_atlantic*|td_shift[*]}]
        Info (332166): set_false_path -from [get_registers {*|alt_jtag_atlantic:*|rdata[*]}] -to [get_registers {*|alt_jtag_atlantic*|td_shift[*]}]
        Info (332166): set_false_path -from [get_registers {*|alt_jtag_atlantic:*|rdata[*]}] -to [get_registers {*|alt_jtag_atlantic*|td_shift[*]}]
        Info (332166): set_false_path -from [get_registers {*|alt_jtag_atlantic:*|rdata[*]}] -to [get_registers {*|alt_jtag_atlantic*|td_shift[*]}]
        Info (332166): set_false_path -from [get_registers {*|alt_jtag_atlantic:*|rdata[*]}] -to [get_registers {*|alt_jtag_atlantic*|td_shift[*]}]
        Info (332166): set_false_path -from [get_registers {*|alt_jtag_atlantic:*|read}] -to [get_registers {*|alt_jtag_atlantic:*|read1*}] 
        Info (332166): set_false_path -from [get_registers {*|alt_jtag_atlantic:*|read_req}]
        Info (332166): set_false_path -from [get_registers {*|alt_jtag_atlantic:*|rvalid}] -to [get_registers {*|alt_jtag_atlantic*|td_shift[*]}]
        Info (332166): set_false_path -from [get_registers {*|t_dav}] -to [get_registers {*|alt_jtag_atlantic:*|tck_t_dav}]
        Info (332166): set_false_path -from [get_registers {*|alt_jtag_atlantic:*|user_saw_rvalid}] -to [get_registers {*|alt_jtag_atlantic:*|rvalid0*}]
        Info (332166): set_false_path -from [get_registers {*|alt_jtag_atlantic:*|wdata[*]}] -to [get_registers {*}]
        Info (332166): set_false_path -from [get_registers {*|alt_jtag_atlantic:*|wdata[*]}] -to [get_registers {*}]
        Info (332166): set_false_path -from [get_registers {*|alt_jtag_atlantic:*|wdata[*]}] -to [get_registers {*}]
        Info (332166): set_false_path -from [get_registers {*|alt_jtag_atlantic:*|wdata[*]}] -to [get_registers {*}]
        Info (332166): set_false_path -from [get_registers {*|alt_jtag_atlantic:*|wdata[*]}] -to [get_registers {*}]
        Info (332166): set_false_path -from [get_registers {*|alt_jtag_atlantic:*|wdata[*]}] -to [get_registers {*}]
        Info (332166): set_false_path -from [get_registers {*|alt_jtag_atlantic:*|wdata[*]}] -to [get_registers {*}]
        Info (332166): set_false_path -from [get_registers {*|alt_jtag_atlantic:*|wdata[*]}] -to [get_registers {*}]
        Info (332166): set_false_path -from [get_registers {*|alt_jtag_atlantic:*|write}] -to [get_registers {*|alt_jtag_atlantic:*|write1*}] 
        Info (332166): set_false_path -from [get_registers {*|alt_jtag_atlantic:*|write_stalled}] -to [get_registers {*|alt_jtag_atlantic:*|t_ena*}]
        Info (332166): set_false_path -from [get_registers {*|alt_jtag_atlantic:*|write_stalled}] -to [get_registers {*|alt_jtag_atlantic:*|t_pause*}]
        Info (332166): set_false_path -from [get_registers {*|alt_jtag_atlantic:*|write_valid}]
    Info (332165): Entity altera_std_synchronizer
        Info (332166): set_false_path -to [get_keepers {*altera_std_synchronizer:*|din_s1}]
    Info (332165): Entity sld_hub
        Info (332166): create_clock -name altera_reserved_tck [get_ports {altera_reserved_tck}] -period 30MHz   
        Info (332166): if { [string equal quartus_fit $::TimeQuestInfo(nameofexecutable)] } { set_max_delay -to [get_ports { altera_reserved_tdo } ] 0 }
        Info (332166): set_clock_groups -asynchronous -group {altera_reserved_tck}
Info (332104): Reading SDC File: 'system/synthesis/submodules/altera_reset_controller.sdc'
Info (332104): Reading SDC File: 'system/synthesis/submodules/system_nios2_gen2_0_cpu.sdc'
Warning (332060): Node: CLOCK_50 was determined to be a clock but was found without an associated clock assignment.
    Info (13166): Register system:u0|system_nios2_gen2_0:nios2_gen2_0|system_nios2_gen2_0_cpu:cpu|W_alu_result[4] is being clocked by CLOCK_50
Info (332143): No user constrained clock uncertainty found in the design. Calling "derive_clock_uncertainty"
Info (332123): Deriving Clock Uncertainty. Please refer to report_sdc in the Timing Analyzer to see clock uncertainties.
Info: Found TIMING_ANALYZER_REPORT_SCRIPT_INCLUDE_DEFAULT_ANALYSIS = ON
Info: Analyzing Slow 1100mV 85C Model
Info (332146): Worst-case setup slack is 12.238
    Info (332119):     Slack       End Point TNS Clock 
    Info (332119): ========= =================== =====================
    Info (332119):    12.238               0.000 altera_reserved_tck 
Info (332146): Worst-case hold slack is 0.128
    Info (332119):     Slack       End Point TNS Clock 
    Info (332119): ========= =================== =====================
    Info (332119):     0.128               0.000 altera_reserved_tck 
Info (332146): Worst-case recovery slack is 14.293
    Info (332119):     Slack       End Point TNS Clock 
    Info (332119): ========= =================== =====================
    Info (332119):    14.293               0.000 altera_reserved_tck 
Info (332146): Worst-case removal slack is 0.949
    Info (332119):     Slack       End Point TNS Clock 
    Info (332119): ========= =================== =====================
    Info (332119):     0.949               0.000 altera_reserved_tck 
Info (332146): Worst-case minimum pulse width slack is 15.745
    Info (332119):     Slack       End Point TNS Clock 
    Info (332119): ========= =================== =====================
    Info (332119):    15.745               0.000 altera_reserved_tck 
Info (332114): Report Metastability: Found 2 synchronizer chains.
    Info (332114): Worst-Case MTBF of Design is 1e+09 years or 3.15e+16 seconds.
    Info (332114): Typical MTBF of Design is 1e+09 years or 3.15e+16 seconds.

    Info (332114): Number of Synchronizer Chains Found: 2
    Info (332114): Shortest Synchronizer Chain: 2 Registers
    Info (332114): Fraction of Chains for which MTBFs Could Not be Calculated: 0.000
    Info (332114): Worst Case Available Settling Time: 62.041 ns
    Info (332114): 
    Info (332114): Worst-Case MTBF values are calculated based on the worst-case silicon characteristics, with worst-case operating conditions.
    Info (332114):   - Under worst-case conditions, an increase of 100ps in available settling time will increase MTBF values by a factor of 79.4
    Info (332114): Typical MTBF values are calculated based on the nominal silicon characteristics, at nominal operating conditions.
    Info (332114):   - Under typical conditions, an increase of 100ps in available settling time will increase MTBF values by a factor of 17.8
Info: Analyzing Slow 1100mV 0C Model
Info (334003): Started post-fitting delay annotation
Info (334004): Delay annotation completed successfully
Warning (332060): Node: CLOCK_50 was determined to be a clock but was found without an associated clock assignment.
    Info (13166): Register system:u0|system_nios2_gen2_0:nios2_gen2_0|system_nios2_gen2_0_cpu:cpu|W_alu_result[4] is being clocked by CLOCK_50
Info (332123): Deriving Clock Uncertainty. Please refer to report_sdc in the Timing Analyzer to see clock uncertainties.
Info (332146): Worst-case setup slack is 12.310
    Info (332119):     Slack       End Point TNS Clock 
    Info (332119): ========= =================== =====================
    Info (332119):    12.310               0.000 altera_reserved_tck 
Info (332146): Worst-case hold slack is 0.109
    Info (332119):     Slack       End Point TNS Clock 
    Info (332119): ========= =================== =====================
    Info (332119):     0.109               0.000 altera_reserved_tck 
Info (332146): Worst-case recovery slack is 14.389
    Info (332119):     Slack       End Point TNS Clock 
    Info (332119): ========= =================== =====================
    Info (332119):    14.389               0.000 altera_reserved_tck 
Info (332146): Worst-case removal slack is 0.885
    Info (332119):     Slack       End Point TNS Clock 
    Info (332119): ========= =================== =====================
    Info (332119):     0.885               0.000 altera_reserved_tck 
Info (332146): Worst-case minimum pulse width slack is 15.738
    Info (332119):     Slack       End Point TNS Clock 
    Info (332119): ========= =================== =====================
    Info (332119):    15.738               0.000 altera_reserved_tck 
Info (332114): Report Metastability: Found 2 synchronizer chains.
    Info (332114): Worst-Case MTBF of Design is 1e+09 years or 3.15e+16 seconds.
    Info (332114): Typical MTBF of Design is 1e+09 years or 3.15e+16 seconds.

    Info (332114): Number of Synchronizer Chains Found: 2
    Info (332114): Shortest Synchronizer Chain: 2 Registers
    Info (332114): Fraction of Chains for which MTBFs Could Not be Calculated: 0.000
    Info (332114): Worst Case Available Settling Time: 62.170 ns
    Info (332114): 
    Info (332114): Worst-Case MTBF values are calculated based on the worst-case silicon characteristics, with worst-case operating conditions.
    Info (332114):   - Under worst-case conditions, an increase of 100ps in available settling time will increase MTBF values by a factor of 5.2
    Info (332114): Typical MTBF values are calculated based on the nominal silicon characteristics, at nominal operating conditions.
    Info (332114):   - Under typical conditions, an increase of 100ps in available settling time will increase MTBF values by a factor of 17.8
Info: Analyzing Fast 1100mV 85C Model
Info (334003): Started post-fitting delay annotation
Info (334004): Delay annotation completed successfully
Warning (332060): Node: CLOCK_50 was determined to be a clock but was found without an associated clock assignment.
    Info (13166): Register system:u0|system_nios2_gen2_0:nios2_gen2_0|system_nios2_gen2_0_cpu:cpu|W_alu_result[4] is being clocked by CLOCK_50
Info (332123): Deriving Clock Uncertainty. Please refer to report_sdc in the Timing Analyzer to see clock uncertainties.
Info (332146): Worst-case setup slack is 14.199
    Info (332119):     Slack       End Point TNS Clock 
    Info (332119): ========= =================== =====================
    Info (332119):    14.199               0.000 altera_reserved_tck 
Info (332146): Worst-case hold slack is 0.033
    Info (332119):     Slack       End Point TNS Clock 
    Info (332119): ========= =================== =====================
    Info (332119):     0.033               0.000 altera_reserved_tck 
Info (332146): Worst-case recovery slack is 15.353
    Info (332119):     Slack       End Point TNS Clock 
    Info (332119): ========= =================== =====================
    Info (332119):    15.353               0.000 altera_reserved_tck 
Info (332146): Worst-case removal slack is 0.456
    Info (332119):     Slack       End Point TNS Clock 
    Info (332119): ========= =================== =====================
    Info (332119):     0.456               0.000 altera_reserved_tck 
Info (332146): Worst-case minimum pulse width slack is 15.734
    Info (332119):     Slack       End Point TNS Clock 
    Info (332119): ========= =================== =====================
    Info (332119):    15.734               0.000 altera_reserved_tck 
Info (332114): Report Metastability: Found 2 synchronizer chains.
    Info (332114): Worst-Case MTBF of Design is 1e+09 years or 3.15e+16 seconds.
    Info (332114): Typical MTBF of Design is 1e+09 years or 3.15e+16 seconds.

    Info (332114): Number of Synchronizer Chains Found: 2
    Info (332114): Shortest Synchronizer Chain: 2 Registers
    Info (332114): Fraction of Chains for which MTBFs Could Not be Calculated: 0.000
    Info (332114): Worst Case Available Settling Time: 63.498 ns
    Info (332114): 
    Info (332114): Worst-Case MTBF values are calculated based on the worst-case silicon characteristics, with worst-case operating conditions.
    Info (332114):   - Under worst-case conditions, an increase of 100ps in available settling time will increase MTBF values by a factor of 79.4
    Info (332114): Typical MTBF values are calculated based on the nominal silicon characteristics, at nominal operating conditions.
    Info (332114):   - Under typical conditions, an increase of 100ps in available settling time will increase MTBF values by a factor of 17.8
Info: Analyzing Fast 1100mV 0C Model
Warning (332060): Node: CLOCK_50 was determined to be a clock but was found without an associated clock assignment.
    Info (13166): Register system:u0|system_nios2_gen2_0:nios2_gen2_0|system_nios2_gen2_0_cpu:cpu|W_alu_result[4] is being clocked by CLOCK_50
Info (332123): Deriving Clock Uncertainty. Please refer to report_sdc in the Timing Analyzer to see clock uncertainties.
Info (332146): Worst-case setup slack is 14.466
    Info (332119):     Slack       End Point TNS Clock 
    Info (332119): ========= =================== =====================
    Info (332119):    14.466               0.000 altera_reserved_tck 
Info (332146): Worst-case hold slack is 0.018
    Info (332119):     Slack       End Point TNS Clock 
    Info (332119): ========= =================== =====================
    Info (332119):     0.018               0.000 altera_reserved_tck 
Info (332146): Worst-case recovery slack is 15.531
    Info (332119):     Slack       End Point TNS Clock 
    Info (332119): ========= =================== =====================
    Info (332119):    15.531               0.000 altera_reserved_tck 
Info (332146): Worst-case removal slack is 0.402
    Info (332119):     Slack       End Point TNS Clock 
    Info (332119): ========= =================== =====================
    Info (332119):     0.402               0.000 altera_reserved_tck 
Info (332146): Worst-case minimum pulse width slack is 15.752
    Info (332119):     Slack       End Point TNS Clock 
    Info (332119): ========= =================== =====================
    Info (332119):    15.752               0.000 altera_reserved_tck 
Info (332114): Report Metastability: Found 2 synchronizer chains.
    Info (332114): Worst-Case MTBF of Design is 1e+09 years or 3.15e+16 seconds.
    Info (332114): Typical MTBF of Design is 1e+09 years or 3.15e+16 seconds.

    Info (332114): Number of Synchronizer Chains Found: 2
    Info (332114): Shortest Synchronizer Chain: 2 Registers
    Info (332114): Fraction of Chains for which MTBFs Could Not be Calculated: 0.000
    Info (332114): Worst Case Available Settling Time: 63.725 ns
    Info (332114): 
    Info (332114): Worst-Case MTBF values are calculated based on the worst-case silicon characteristics, with worst-case operating conditions.
    Info (332114):   - Under worst-case conditions, an increase of 100ps in available settling time will increase MTBF values by a factor of 5.2
    Info (332114): Typical MTBF values are calculated based on the nominal silicon characteristics, at nominal operating conditions.
    Info (332114):   - Under typical conditions, an increase of 100ps in available settling time will increase MTBF values by a factor of 17.8
Info (332102): Design is not fully constrained for setup requirements
Info (332102): Design is not fully constrained for hold requirements
Info: Quartus Prime Timing Analyzer was successful. 0 errors, 479 warnings
    Info: Peak virtual memory: 5356 megabytes
    Info: Processing ended: Thu Dec 18 14:20:17 2025
    Info: Elapsed time: 00:00:10
    Info: Total CPU time (on all processors): 00:00:15


